序列号,过检时间,缺陷名,行,列
271904144010736,2019-05-11 21:33:17,yinlie,11,4
271904144010737,2019-05-11 21:34:58,yinlie,4,4
271904144010737,2019-05-11 21:34:58,yinlie,13,5
271904144010737,2019-05-11 21:34:58,yinlie,6,4
271904144010737,2019-05-11 21:34:58,yinlie,6,2
271904144010738,2019-05-11 21:38:39,yinlie,9,4
271904144011697,2019-05-11 21:38:45,yinlie,6,5
271904144011667,2019-05-11 21:38:51,yinlie,12,4
271904144011665,2019-05-11 21:38:56,xuhan,2,3
271904144011668,2019-05-11 21:39:07,yinlie,12,2
271904144011668,2019-05-11 21:39:07,yinlie,3,4
271904144011668,2019-05-11 21:39:07,yinlie,3,4
271904144011668,2019-05-11 21:39:07,yinlie,11,3
271904144011658,2019-05-11 21:39:09,/,0,0
271904144011660,2019-05-11 21:39:14,/,0,0
271904144011656,2019-05-11 21:39:19,yinlie,3,5
271904144011656,2019-05-11 21:39:19,yinlie,9,1
271904144011574,2019-05-11 21:39:30,yinlie,10,1
271904144011574,2019-05-11 21:39:30,yinlie,11,0
271904144011574,2019-05-11 21:39:30,yinlie,10,5
271904144011699,2019-05-11 21:39:31,yinlie,8,5
271904144011652,2019-05-11 21:39:36,yinlie,5,4
271904144011659,2019-05-11 21:39:42,yinlie,12,5
271904144011659,2019-05-11 21:39:42,shixiao,3,1
271904144011648,2019-05-11 21:39:48,yinlie,7,3
271904144011648,2019-05-11 21:39:48,yinlie,8,0
271904144011646,2019-05-11 21:39:53,/,0,0
271904144011551,2019-05-11 21:40:04,yinlie,10,5
271904144011551,2019-05-11 21:40:04,yinlie,11,4
271904144011551,2019-05-11 21:40:04,yinlie,13,4
271904144011647,2019-05-11 21:40:05,yinlie,5,5
271904144011647,2019-05-11 21:40:05,yinlie,3,2
271904144011647,2019-05-11 21:40:05,yinlie,8,1
271904144011647,2019-05-11 21:40:05,yinlie,12,5
271904144011647,2019-05-11 21:40:05,yinlie,13,2
271904144011647,2019-05-11 21:40:05,yinlie,4,2
271904144011647,2019-05-11 21:40:05,yinlie,6,5
271904144011647,2019-05-11 21:40:05,yinlie,12,3
271904144011707,2019-05-11 21:40:11,yinlie,12,0
271904144010883,2019-05-11 21:40:16,yinlie,12,5
271904144010883,2019-05-11 21:40:16,yinlie,5,3
271904144010883,2019-05-11 21:40:16,shixiao,10,1
271904144011700,2019-05-11 21:40:22,yinlie,5,5
271904144011700,2019-05-11 21:40:22,yinlie,2,0
271904144011700,2019-05-11 21:40:22,yinlie,9,4
271904144011684,2019-05-11 21:40:28,yinlie,11,0
271904144011684,2019-05-11 21:40:28,yinlie,5,5
271904144011684,2019-05-11 21:40:28,shixiao,13,3
271904144011603,2019-05-11 21:40:33,yinlie,6,1
271904144011603,2019-05-11 21:40:33,shixiao,3,2
271904144011603,2019-05-11 21:40:33,yinlie,6,5
271904144011603,2019-05-11 21:40:33,xuhan,8,4
271904144011603,2019-05-11 21:40:33,xuhan,3,5
271904144011982,2019-05-11 21:40:39,yinlie,2,0
271904144011982,2019-05-11 21:40:39,yinlie,9,0
271904144011591,2019-05-11 21:40:45,yinlie,4,0
271904144011591,2019-05-11 21:40:45,shixiao,10,0
271904144011591,2019-05-11 21:40:45,yinlie,8,3
271904144010766,2019-05-11 21:40:50,yinlie,13,4
271904144010766,2019-05-11 21:40:50,yinlie,5,1
271904144010766,2019-05-11 21:40:50,yinlie,3,4
271904144010766,2019-05-11 21:40:50,yinlie,11,0
271904144010766,2019-05-11 21:40:50,yinlie,10,4
271904144010766,2019-05-11 21:40:50,yinlie,2,2
271904144010766,2019-05-11 21:40:50,yinlie,8,5
271904144010766,2019-05-11 21:40:50,yinlie,3,5
271904144010764,2019-05-11 21:40:56,yinlie,8,0
271904144010764,2019-05-11 21:40:56,yinlie,3,2
271904144010764,2019-05-11 21:40:56,yinlie,7,0
271904144010764,2019-05-11 21:40:56,yinlie,7,0
271904144010764,2019-05-11 21:40:56,yinlie,6,0
271904144010764,2019-05-11 21:40:56,yinlie,7,1
271904144010764,2019-05-11 21:40:56,yinlie,7,1
271904144010764,2019-05-11 21:40:56,yinlie,9,3
271904144010764,2019-05-11 21:40:56,yinlie,6,1
271904144010764,2019-05-11 21:40:56,yinlie,2,3
271904144010764,2019-05-11 21:40:56,yinlie,11,0
271904144010764,2019-05-11 21:40:56,yinlie,10,0
271904144010764,2019-05-11 21:40:56,yinlie,10,0
271904144010764,2019-05-11 21:40:56,xuhan,5,3
271904144010744,2019-05-11 21:41:01,yinlie,12,0
271904144010760,2019-05-11 21:41:07,yinlie,8,3
271904144010760,2019-05-11 21:41:07,yinlie,3,0
271904144010760,2019-05-11 21:41:07,yinlie,4,1
271904144010760,2019-05-11 21:41:07,yinlie,5,5
271904144010760,2019-05-11 21:41:07,yinlie,2,5
271904144010760,2019-05-11 21:41:07,yinlie,11,5
271904144010760,2019-05-11 21:41:07,yinlie,7,3
271904144010760,2019-05-11 21:41:07,yinlie,2,3
271904144011981,2019-05-11 21:41:13,/,0,0
271904144011624,2019-05-11 21:41:19,yinlie,2,1
271904144011650,2019-05-11 21:41:24,/,0,0
271904144011641,2019-05-11 21:41:30,yinlie,5,5
271904144011641,2019-05-11 21:41:30,yinlie,13,3
271904144011641,2019-05-11 21:41:30,yinlie,3,5
271904144011641,2019-05-11 21:41:30,yinlie,9,0
271904144011689,2019-05-11 21:41:36,yinlie,6,5
271904144011689,2019-05-11 21:41:36,yinlie,9,3
271904144011689,2019-05-11 21:41:36,yinlie,9,3
271904144011698,2019-05-11 21:41:46,yinlie,3,0
271904144011670,2019-05-11 21:41:48,yinlie,12,5
271904144011670,2019-05-11 21:41:48,yinlie,2,0
271904144011670,2019-05-11 21:41:48,yinlie,3,0
271904144011670,2019-05-11 21:41:48,yinlie,3,0
271904144011670,2019-05-11 21:41:48,yinlie,7,1
271904144013290,2019-05-11 21:41:55,/,0,0
271904144013233,2019-05-11 21:42:01,/,0,0
271904144013155,2019-05-11 21:42:08,/,0,0
271904144013315,2019-05-11 21:42:19,/,0,0
271904144013231,2019-05-11 21:42:21,/,0,0
271904144012802,2019-05-11 21:42:26,/,0,0
271904144012630,2019-05-11 21:42:33,yinlie,3,2
271904144012432,2019-05-11 21:42:39,/,0,0
271904144012715,2019-05-11 21:42:45,/,0,0
271904144012367,2019-05-11 21:42:50,/,0,0
271904144012825,2019-05-11 21:43:01,/,0,0
271904144013318,2019-05-11 21:43:03,yinlie,9,5
271904144013359,2019-05-11 21:43:09,/,0,0
271904144013357,2019-05-11 21:43:16,yinlie,10,1
271904144013355,2019-05-11 21:43:22,/,0,0
271904144013500,2019-05-11 21:43:28,/,0,0
271904144013498,2019-05-11 21:43:39,/,0,0
271904144013495,2019-05-11 21:43:40,/,0,0
271904144013492,2019-05-11 21:43:52,/,0,0
271904144013504,2019-05-11 21:43:54,yinlie,9,2
271904144013369,2019-05-11 21:43:59,/,0,0
271904144013386,2019-05-11 21:44:06,yinlie,8,5
271904144013384,2019-05-11 21:44:12,yinlie,8,5
271904144013379,2019-05-11 21:44:24,/,0,0
271904144013385,2019-05-11 21:44:26,/,0,0
271904144013374,2019-05-11 21:44:31,/,0,0
271904144013392,2019-05-11 21:44:37,/,0,0
271904144013387,2019-05-11 21:44:44,/,0,0
271904144013503,2019-05-11 21:44:50,/,0,0
271904144013540,2019-05-11 21:44:56,/,0,0
271904144013529,2019-05-11 21:45:03,/,0,0
271904144013508,2019-05-11 21:45:09,/,0,0
271904144013493,2019-05-11 21:45:21,/,0,0
271904144013340,2019-05-11 21:45:22,/,0,0
271904154010596,2019-05-11 21:45:28,/,0,0
271904144013422,2019-05-11 21:45:34,yinlie,3,1
271904154010306,2019-05-11 21:45:41,/,0,0
271904154010289,2019-05-11 21:45:53,/,0,0
271904154010704,2019-05-11 21:45:55,/,0,0
271904154010696,2019-05-11 21:46:00,/,0,0
271904154010689,2019-05-11 21:46:07,/,0,0
271904154010694,2019-05-11 21:46:13,/,0,0
271904154010707,2019-05-11 21:46:20,/,0,0
271904154010705,2019-05-11 21:46:25,/,0,0
271904154010405,2019-05-11 21:46:32,/,0,0
271904154010464,2019-05-11 21:46:38,/,0,0
271904154010649,2019-05-11 21:46:49,/,0,0
271904154010680,2019-05-11 21:46:51,/,0,0
271904154010700,2019-05-11 21:46:57,/,0,0
271904154010693,2019-05-11 21:47:04,/,0,0
271904154010698,2019-05-11 21:47:11,/,0,0
271904154010685,2019-05-11 21:47:17,yinlie,9,3
271904154010638,2019-05-11 21:47:23,/,0,0
271904154010679,2019-05-11 21:47:30,/,0,0
271904154010681,2019-05-11 21:47:36,/,0,0
271904154010667,2019-05-11 21:47:47,/,0,0
271904154010660,2019-05-11 21:47:48,/,0,0
271904154010688,2019-05-11 21:47:55,/,0,0
271904154010632,2019-05-11 21:48:07,/,0,0
271904154010712,2019-05-11 21:48:09,/,0,0
271904154010703,2019-05-11 21:48:14,/,0,0
271904144013509,2019-05-11 21:48:21,yinlie,9,5
271904144013515,2019-05-11 21:48:27,/,0,0
271904144013382,2019-05-11 21:48:33,/,0,0
271904154011883,2019-05-11 21:48:40,/,0,0
271904164011416,2019-05-11 21:48:51,/,0,0
271904164011396,2019-05-11 21:48:53,/,0,0
271904164011435,2019-05-11 21:48:58,yinlie,11,2
271904154011877,2019-05-11 21:49:05,xuhan,4,5
271904164011274,2019-05-11 21:49:12,yinlie,7,2
271904154011886,2019-05-11 21:49:19,/,0,0
271904154011884,2019-05-11 21:49:25,/,0,0
271904154011882,2019-05-11 21:49:31,/,0,0
271904154011895,2019-05-11 21:49:43,/,0,0
271904164011399,2019-05-11 21:49:44,/,0,0
271904164011460,2019-05-11 21:49:50,/,0,0
271904164011474,2019-05-11 21:49:56,/,0,0
271904154011888,2019-05-11 21:50:08,/,0,0
271904164011466,2019-05-11 21:50:10,/,0,0
271904164011464,2019-05-11 21:50:15,shixiao,5,2
271904164011463,2019-05-11 21:50:22,yinlie,11,3
271904164011472,2019-05-11 21:50:28,/,0,0
271904164011386,2019-05-11 21:50:34,/,0,0
271904164011481,2019-05-11 21:50:41,/,0,0
271904164011468,2019-05-11 21:50:49,/,0,0
271904154011887,2019-05-11 21:50:56,/,0,0
271904154011885,2019-05-11 21:51:03,/,0,0
271904154011893,2019-05-11 21:51:10,yinlie,8,0
271904154011891,2019-05-11 21:51:22,/,0,0
271904164011478,2019-05-11 21:51:24,/,0,0
271904164011470,2019-05-11 21:51:29,/,0,0
271904154012400,2019-05-11 21:51:37,/,0,0
271904154012450,2019-05-11 21:51:44,/,0,0
271904154012443,2019-05-11 21:51:51,/,0,0
271904154012452,2019-05-11 21:51:58,/,0,0
271904154013285,2019-05-11 21:52:04,yinlie,3,4
271904154013266,2019-05-11 21:52:16,/,0,0
271904154013058,2019-05-11 21:52:17,/,0,0
271904154013242,2019-05-11 21:52:23,/,0,0
271904154012404,2019-05-11 21:52:30,/,0,0
271904154012290,2019-05-11 21:52:37,yinlie,8,4
271904154013218,2019-05-11 21:52:43,/,0,0
271904154013257,2019-05-11 21:52:50,yinlie,3,5
271904154012410,2019-05-11 21:52:56,/,0,0
271904164010373,2019-05-11 21:53:03,/,0,0
271904164010356,2019-05-11 21:53:14,/,0,0
271904164010369,2019-05-11 21:53:17,/,0,0
271904164010332,2019-05-11 21:53:23,/,0,0
271904164010322,2019-05-11 21:53:30,/,0,0
271904164010306,2019-05-11 21:53:36,/,0,0
271904164010308,2019-05-11 21:53:44,/,0,0
271904164010317,2019-05-11 21:53:51,/,0,0
271904164010303,2019-05-11 21:53:57,/,0,0
271904164010302,2019-05-11 21:54:04,/,0,0
271904164010318,2019-05-11 21:54:11,/,0,0
271904164010280,2019-05-11 21:54:18,/,0,0
271904154012107,2019-05-11 21:54:25,/,0,0
271904164010414,2019-05-11 21:54:32,/,0,0
271904164010412,2019-05-11 21:54:39,yinlie,4,2
271904164010413,2019-05-11 21:54:45,/,0,0
271904164010382,2019-05-11 21:54:52,yinlie,11,2
271904164010399,2019-05-11 21:54:59,/,0,0
271904164010404,2019-05-11 21:55:05,/,0,0
271904164010401,2019-05-11 21:55:12,/,0,0
271904164010304,2019-05-11 21:55:19,/,0,0
271904164010398,2019-05-11 21:55:26,xuhan,2,2
271904164010372,2019-05-11 21:55:32,/,0,0
271904154012247,2019-05-11 21:55:38,/,0,0
271904154012285,2019-05-11 21:55:46,/,0,0
271904154012313,2019-05-11 21:55:53,/,0,0
271904154012377,2019-05-11 21:55:59,/,0,0
271904154012391,2019-05-11 21:56:06,/,0,0
271904154012394,2019-05-11 21:56:18,/,0,0
271904154012401,2019-05-11 21:56:20,/,0,0
271904154012405,2019-05-11 21:56:27,/,0,0
271904154012430,2019-05-11 21:56:35,/,0,0
271904154012431,2019-05-11 21:56:42,/,0,0
271904154013271,2019-05-11 21:56:49,/,0,0
271904154013276,2019-05-11 21:56:56,/,0,0
271904164010309,2019-05-11 21:57:05,/,0,0
271904164010360,2019-05-11 21:57:11,/,0,0
271904164010370,2019-05-11 21:57:18,/,0,0
271904164011462,2019-05-11 21:57:25,/,0,0
271904154013244,2019-05-11 21:57:32,yinlie,3,3
271904154013244,2019-05-11 21:57:32,yinlie,9,2
271904154012395,2019-05-11 21:57:39,/,0,0
271904154012397,2019-05-11 21:57:46,/,0,0
271904154013239,2019-05-11 21:57:53,/,0,0
271904154013249,2019-05-11 21:58:00,/,0,0
271904164010310,2019-05-11 21:58:07,/,0,0
271904164010339,2019-05-11 21:58:14,/,0,0
271904164010358,2019-05-11 21:58:26,/,0,0
271904164010362,2019-05-11 21:58:28,/,0,0
271904164010402,2019-05-11 21:58:34,/,0,0
271904164011225,2019-05-11 21:58:41,/,0,0
271904164011387,2019-05-11 21:58:48,/,0,0
271904164011458,2019-05-11 21:58:55,/,0,0
271904164012296,2019-05-11 21:59:01,/,0,0
271904164011091,2019-05-11 21:59:07,/,0,0
271904164011997,2019-05-11 21:59:13,yinlie,12,2
271904164010747,2019-05-11 21:59:24,/,0,0
271904164011874,2019-05-11 21:59:25,/,0,0
271904164012721,2019-05-11 21:59:31,yinlie,4,4
271904164012721,2019-05-11 21:59:31,yinlie,5,0
271904164012721,2019-05-11 21:59:31,yinlie,7,5
271904164012721,2019-05-11 21:59:31,yinlie,2,4
271904164012721,2019-05-11 21:59:31,yinlie,11,2
271904164012721,2019-05-11 21:59:31,yinlie,12,0
271904164012721,2019-05-11 21:59:31,yinlie,9,5
271904164012721,2019-05-11 21:59:31,yinlie,13,5
271904164012721,2019-05-11 21:59:31,yinlie,12,2
271904164012721,2019-05-11 21:59:31,yinlie,8,0
271904164012737,2019-05-11 21:59:37,yinlie,3,2
271904164012289,2019-05-11 21:59:44,/,0,0
271904164012001,2019-05-11 21:59:50,/,0,0
271904164012736,2019-05-11 22:00:02,/,0,0
271904164010944,2019-05-11 22:00:03,yinlie,8,1
271904164012746,2019-05-11 22:00:08,/,0,0
271904164012716,2019-05-11 22:00:14,yinlie,7,2
271904164012716,2019-05-11 22:00:14,yinlie,2,0
271904164012716,2019-05-11 22:00:14,yinlie,5,4
271904164012716,2019-05-11 22:00:14,yinlie,3,4
271904164012716,2019-05-11 22:00:14,yinlie,6,2
271904164012716,2019-05-11 22:00:14,yinlie,6,2
271904164012716,2019-05-11 22:00:14,yinlie,2,1
271904164012716,2019-05-11 22:00:14,yinlie,4,0
271904164012716,2019-05-11 22:00:14,yinlie,5,2
271904164012716,2019-05-11 22:00:14,yinlie,9,0
271904164012716,2019-05-11 22:00:14,yinlie,8,0
271904164012716,2019-05-11 22:00:14,yinlie,13,0
271904164012716,2019-05-11 22:00:14,yinlie,9,2
271904164012292,2019-05-11 22:00:20,/,0,0
271904164012395,2019-05-11 22:00:26,/,0,0
271904164010853,2019-05-11 22:00:32,/,0,0
271904164011999,2019-05-11 22:00:38,yinlie,4,2
271904164010804,2019-05-11 22:00:44,/,0,0
271904164010589,2019-05-11 22:00:50,/,0,0
271904164012921,2019-05-11 22:00:56,/,0,0
271904164012810,2019-05-11 22:01:02,/,0,0
271904164010562,2019-05-11 22:01:08,/,0,0
271904164013158,2019-05-11 22:01:14,yinlie,8,5
271904174012024,2019-05-11 22:01:25,yinlie,8,5
271904174012040,2019-05-11 22:01:26,/,0,0
271904174012037,2019-05-11 22:01:31,/,0,0
271904164010417,2019-05-11 22:01:37,yinlie,12,5
271904174012030,2019-05-11 22:01:43,/,0,0
271904174012036,2019-05-11 22:01:54,yinlie,12,4
271904174012036,2019-05-11 22:01:54,yinlie,6,2
271904174012039,2019-05-11 22:01:55,yinlie,12,1
271904174012039,2019-05-11 22:01:55,yinlie,2,3
271904174012034,2019-05-11 22:02:00,/,0,0
271904174012035,2019-05-11 22:02:06,yinlie,11,4
271904174012031,2019-05-11 22:02:12,yinlie,11,1
271904174012031,2019-05-11 22:02:12,yinlie,7,0
271904174012031,2019-05-11 22:02:12,yinlie,2,1
271904164010600,2019-05-11 22:02:17,/,0,0
271904174010714,2019-05-11 22:02:23,yinlie,11,1
271904174010714,2019-05-11 22:02:23,yinlie,12,2
271904174010714,2019-05-11 22:02:23,yinlie,5,1
271904174010716,2019-05-11 22:02:34,yinlie,5,0
271904174010712,2019-05-11 22:02:36,yinlie,4,0
271904174010717,2019-05-11 22:02:40,yinlie,6,4
271904174010708,2019-05-11 22:02:46,yinlie,4,4
271904174010699,2019-05-11 22:02:57,yinlie,7,4
271904174010699,2019-05-11 22:02:57,yinlie,7,0
271904174010699,2019-05-11 22:02:57,yinlie,8,0
271904174010699,2019-05-11 22:02:57,yinlie,2,1
271904174010703,2019-05-11 22:02:58,/,0,0
271904174010506,2019-05-11 22:03:03,yinlie,6,5
271904174010506,2019-05-11 22:03:03,yinlie,5,4
271904174010506,2019-05-11 22:03:03,yinlie,7,5
271904174010506,2019-05-11 22:03:03,yinlie,3,2
271904174010506,2019-05-11 22:03:03,yinlie,9,0
271904174010506,2019-05-11 22:03:03,yinlie,7,4
271904174010506,2019-05-11 22:03:03,yinlie,11,0
271904174010506,2019-05-11 22:03:03,yinlie,2,5
271904174010506,2019-05-11 22:03:03,yinlie,5,0
271904174010506,2019-05-11 22:03:03,yinlie,12,2
271904174010506,2019-05-11 22:03:03,yinlie,5,1
271904174010506,2019-05-11 22:03:03,yinlie,4,5
271904174010506,2019-05-11 22:03:03,yinlie,4,1
271904174010506,2019-05-11 22:03:03,yinlie,6,1
271904174010506,2019-05-11 22:03:03,yinlie,3,1
271904174010506,2019-05-11 22:03:03,yinlie,10,4
271904174010506,2019-05-11 22:03:03,yinlie,10,0
271904174010506,2019-05-11 22:03:03,yinlie,13,0
271904174010506,2019-05-11 22:03:03,yinlie,10,2
271904174010740,2019-05-11 22:03:09,yinlie,2,4
271904174010733,2019-05-11 22:03:14,/,0,0
271904174010729,2019-05-11 22:03:20,yinlie,10,5
271904174010729,2019-05-11 22:03:20,yinlie,7,4
271904174010729,2019-05-11 22:03:20,yinlie,9,5
271904174010737,2019-05-11 22:03:31,yinlie,8,1
271904174010737,2019-05-11 22:03:31,shixiao,9,0
271904174010724,2019-05-11 22:03:32,yinlie,6,1
271904174010724,2019-05-11 22:03:32,yinlie,8,2
271904174010720,2019-05-11 22:03:37,yinlie,10,5
271904174010728,2019-05-11 22:03:43,/,0,0
271904174010725,2019-05-11 22:03:49,/,0,0
271904174010679,2019-05-11 22:03:59,/,0,0
271904174010734,2019-05-11 22:04:00,yinlie,4,3
271904174010734,2019-05-11 22:04:00,yinlie,4,0
271904174010748,2019-05-11 22:04:06,yinlie,13,4
271904174010704,2019-05-11 22:04:12,/,0,0
271904174010707,2019-05-11 22:04:17,yinlie,12,3
271904174010719,2019-05-11 22:04:23,/,0,0
271904174010706,2019-05-11 22:04:29,/,0,0
271904174010718,2019-05-11 22:04:35,/,0,0
271904174010645,2019-05-11 22:04:41,/,0,0
271904174010683,2019-05-11 22:04:47,/,0,0
271904164011998,2019-05-11 22:04:53,yinlie,13,1
271904164012732,2019-05-11 22:04:58,/,0,0
271904164010843,2019-05-11 22:05:04,/,0,0
271904164012752,2019-05-11 22:05:10,/,0,0
271904164012714,2019-05-11 22:05:21,/,0,0
271904164012929,2019-05-11 22:05:22,/,0,0
271904164012915,2019-05-11 22:05:27,/,0,0
271904164012811,2019-05-11 22:05:33,yinlie,13,1
271904174010739,2019-05-11 22:05:39,/,0,0
271904174012016,2019-05-11 22:05:49,yinlie,3,5
271904164012962,2019-05-11 22:05:51,/,0,0
271904164013133,2019-05-11 22:05:56,yinlie,11,1
271904164013189,2019-05-11 22:06:02,/,0,0
271904174010710,2019-05-11 22:06:08,/,0,0
271904174010715,2019-05-11 22:06:18,yinlie,13,1
271904164012357,2019-05-11 22:06:20,yinlie,10,4
271904164012406,2019-05-11 22:06:25,yinlie,6,5
271904164012406,2019-05-11 22:06:25,yinlie,2,3
271904164012406,2019-05-11 22:06:25,yinlie,9,1
271904164012406,2019-05-11 22:06:25,yinlie,5,2
271904164012406,2019-05-11 22:06:25,yinlie,3,5
271904164012406,2019-05-11 22:06:25,yinlie,12,5
271904164012406,2019-05-11 22:06:25,yinlie,9,3
271904164012406,2019-05-11 22:06:25,yinlie,7,0
271904164012406,2019-05-11 22:06:25,yinlie,7,0
271904164012406,2019-05-11 22:06:25,yinlie,11,3
271904164012406,2019-05-11 22:06:25,yinlie,10,1
271904164012406,2019-05-11 22:06:25,yinlie,10,3
271904164012711,2019-05-11 22:06:31,yinlie,9,4
271904164012711,2019-05-11 22:06:31,yinlie,8,2
271904164012711,2019-05-11 22:06:31,yinlie,8,4
271904164012711,2019-05-11 22:06:31,yinlie,13,2
271904164012711,2019-05-11 22:06:31,yinlie,3,1
271904164012711,2019-05-11 22:06:31,yinlie,5,1
271904164012711,2019-05-11 22:06:31,yinlie,2,1
271904164012711,2019-05-11 22:06:31,yinlie,9,5
271904164012711,2019-05-11 22:06:31,yinlie,3,2
271904164012711,2019-05-11 22:06:31,yinlie,3,2
271904164012711,2019-05-11 22:06:31,yinlie,5,2
271904164012711,2019-05-11 22:06:31,yinlie,6,4
271904164012711,2019-05-11 22:06:31,yinlie,5,4
271904164010799,2019-05-11 22:06:42,/,0,0
271904164010864,2019-05-11 22:06:43,/,0,0
271904164012717,2019-05-11 22:06:48,yinlie,3,2
271904164012717,2019-05-11 22:06:48,yinlie,9,4
271904164012717,2019-05-11 22:06:48,yinlie,13,2
271904164012717,2019-05-11 22:06:48,yinlie,11,4
271904164012717,2019-05-11 22:06:48,yinlie,11,0
271904164012717,2019-05-11 22:06:48,yinlie,9,0
271904164012717,2019-05-11 22:06:48,yinlie,7,1
271904164012751,2019-05-11 22:06:54,yinlie,7,2
271904164010739,2019-05-11 22:07:00,/,0,0
271904164013154,2019-05-11 22:07:10,yinlie,6,4
271904164013154,2019-05-11 22:07:10,yinlie,10,2
271904174010522,2019-05-11 22:07:12,yinlie,13,0
271904174010598,2019-05-11 22:07:18,/,0,0
271904164011083,2019-05-11 22:07:24,yinlie,2,0
271904164013206,2019-05-11 22:07:36,/,0,0
271904164011071,2019-05-11 22:07:38,/,0,0
271904164011069,2019-05-11 22:07:43,/,0,0
271904164011631,2019-05-11 22:07:48,yinlie,5,0
271904174011914,2019-05-11 22:07:54,/,0,0
271904134013045,2019-05-11 22:08:00,yinlie,12,3
271904134012969,2019-05-11 22:08:10,yinlie,8,3
271904134012969,2019-05-11 22:08:10,yinlie,6,0
271904134012969,2019-05-11 22:08:10,yinlie,9,5
271904134012975,2019-05-11 22:08:13,/,0,0
271904144010610,2019-05-11 22:08:17,yinlie,4,4
271904144010610,2019-05-11 22:08:17,yinlie,2,0
271904144010610,2019-05-11 22:08:17,yinlie,6,4
271904144010610,2019-05-11 22:08:17,yinlie,13,2
271904144010610,2019-05-11 22:08:17,yinlie,6,0
271904144010610,2019-05-11 22:08:17,yinlie,7,0
271904144010610,2019-05-11 22:08:17,yinlie,9,3
271904144010610,2019-05-11 22:08:17,yinlie,9,0
271904144010610,2019-05-11 22:08:17,yinlie,5,0
271904144010610,2019-05-11 22:08:17,yinlie,8,1
271904144010610,2019-05-11 22:08:17,yinlie,11,3
271904144010610,2019-05-11 22:08:17,yinlie,12,2
271904144010610,2019-05-11 22:08:17,yinlie,3,0
271904104011931,2019-05-11 22:08:22,yinlie,10,0
271904104011931,2019-05-11 22:08:22,xuhan,2,2
271904104011931,2019-05-11 22:08:22,xuhan,8,4
271904134012971,2019-05-11 22:08:28,/,0,0
271904134013048,2019-05-11 22:08:34,yinlie,7,3
271904134013049,2019-05-11 22:08:39,yinlie,8,1
271904134013047,2019-05-11 22:08:50,/,0,0
271904134013046,2019-05-11 22:08:51,/,0,0
271904134012860,2019-05-11 22:08:56,yinlie,7,3
271904134012989,2019-05-11 22:09:02,/,0,0
271904134012984,2019-05-11 22:09:08,yinlie,4,1
271904134012983,2019-05-11 22:09:16,/,0,0
271904134012936,2019-05-11 22:09:23,yinlie,5,0
271904134013000,2019-05-11 22:09:29,/,0,0
271904134012911,2019-05-11 22:09:34,/,0,0
271904134013171,2019-05-11 22:09:40,/,0,0
271904134012985,2019-05-11 22:09:46,yinlie,3,2
271904134012985,2019-05-11 22:09:46,yinlie,7,3
271904134012985,2019-05-11 22:09:46,yinlie,2,1
271904134012995,2019-05-11 22:09:52,yinlie,6,2
271904134012947,2019-05-11 22:09:58,/,0,0
271904134013043,2019-05-11 22:10:04,/,0,0
271904134012937,2019-05-11 22:10:15,yinlie,3,4
271904134012937,2019-05-11 22:10:15,yinlie,4,2
271904134012795,2019-05-11 22:10:17,/,0,0
271904134012960,2019-05-11 22:10:22,/,0,0
271904134012968,2019-05-11 22:10:28,/,0,0
271904134012967,2019-05-11 22:10:33,yinlie,7,4
271904134012967,2019-05-11 22:10:33,yinlie,10,1
271904134012967,2019-05-11 22:10:33,yinlie,10,1
271904134012967,2019-05-11 22:10:33,yinlie,10,1
271904124012774,2019-05-11 22:10:44,xuhan,4,3
271904134013042,2019-05-11 22:10:45,yinlie,6,3
271904144010664,2019-05-11 22:10:51,yinlie,4,1
271904144010664,2019-05-11 22:10:51,yinlie,9,1
271904144010664,2019-05-11 22:10:51,yinlie,2,2
271904144010716,2019-05-11 22:10:57,yinlie,12,4
271904144010716,2019-05-11 22:10:57,yinlie,13,0
271904144010716,2019-05-11 22:10:57,yinlie,10,1
271904144010716,2019-05-11 22:10:57,yinlie,10,1
271904144010716,2019-05-11 22:10:57,yinlie,4,4
271904144010681,2019-05-11 22:11:02,/,0,0
271904134013248,2019-05-11 22:11:13,shixiao,9,2
271904134013248,2019-05-11 22:11:13,yinlie,6,3
271904134013248,2019-05-11 22:11:13,yinlie,12,5
271904134013248,2019-05-11 22:11:13,yinlie,5,5
271904134013248,2019-05-11 22:11:13,yinlie,3,3
271904134013248,2019-05-11 22:11:13,yinlie,6,4
271904134013248,2019-05-11 22:11:13,yinlie,10,5
271904134013248,2019-05-11 22:11:13,yinlie,8,4
271904134013248,2019-05-11 22:11:13,yinlie,7,2
271904134013514,2019-05-11 22:11:14,yinlie,6,1
271904134013514,2019-05-11 22:11:14,yinlie,10,0
271904144010727,2019-05-11 22:11:19,yinlie,3,3
271904144010727,2019-05-11 22:11:19,yinlie,12,5
271904144010727,2019-05-11 22:11:19,yinlie,13,1
271904144010728,2019-05-11 22:11:26,yinlie,4,3
271904144010728,2019-05-11 22:11:26,yinlie,12,0
271904134013281,2019-05-11 22:11:32,yinlie,12,0
271904134013281,2019-05-11 22:11:32,yinlie,10,2
271904134010249,2019-05-11 22:11:43,yinlie,12,0
271904134010249,2019-05-11 22:11:43,yinlie,12,0
271904134010711,2019-05-11 22:11:45,yinlie,11,2
271904134010711,2019-05-11 22:11:45,yinlie,8,4
271904134010711,2019-05-11 22:11:45,yinlie,3,4
271904134010711,2019-05-11 22:11:45,yinlie,3,5
271904134010711,2019-05-11 22:11:45,yinlie,3,2
271904134010711,2019-05-11 22:11:45,yinlie,6,1
271904134010711,2019-05-11 22:11:45,yinlie,4,1
271904134010711,2019-05-11 22:11:45,yinlie,12,0
271904124012429,2019-05-11 22:11:50,yinlie,6,5
271904104012904,2019-05-11 22:11:56,/,0,0
271904124012976,2019-05-11 22:12:02,yinlie,8,3
271904134011522,2019-05-11 22:12:08,yinlie,7,5
271904114012415,2019-05-11 22:12:14,yinlie,5,5
271904114012415,2019-05-11 22:12:14,yinlie,6,5
271904114012415,2019-05-11 22:12:14,yinlie,3,5
271904144010419,2019-05-11 22:12:25,/,0,0
271904144010735,2019-05-11 22:12:26,yinlie,9,4
271904144010665,2019-05-11 22:12:31,/,0,0
271904144010337,2019-05-11 22:12:38,/,0,0
271904134012964,2019-05-11 22:12:44,shixiao,10,5
271904134012964,2019-05-11 22:12:44,yinlie,3,5
271904134012964,2019-05-11 22:12:44,yinlie,9,5
271904134012964,2019-05-11 22:12:44,yinlie,6,5
271904144010652,2019-05-11 22:12:54,yinlie,12,1
271904144010666,2019-05-11 22:12:56,/,0,0
271904144010569,2019-05-11 22:13:01,/,0,0
271904134013242,2019-05-11 22:13:08,yinlie,8,3
271904134013242,2019-05-11 22:13:08,yinlie,7,4
271904134013242,2019-05-11 22:13:08,yinlie,7,4
271904134013242,2019-05-11 22:13:08,yinlie,4,2
271904134013242,2019-05-11 22:13:08,yinlie,5,5
271904134013242,2019-05-11 22:13:08,yinlie,3,5
271904134013242,2019-05-11 22:13:08,yinlie,2,5
271904134013242,2019-05-11 22:13:08,yinlie,5,3
271904134013242,2019-05-11 22:13:08,yinlie,12,2
271904134013242,2019-05-11 22:13:08,yinlie,5,4
271904134013368,2019-05-11 22:13:18,yinlie,7,0
271904124013353,2019-05-11 22:13:20,shixiao,12,3
271904124013353,2019-05-11 22:13:20,yinlie,9,5
271904134012000,2019-05-11 22:13:25,yinlie,5,3
271904134012000,2019-05-11 22:13:25,yinlie,10,3
271904134012000,2019-05-11 22:13:25,yinlie,3,4
271904134012000,2019-05-11 22:13:25,yinlie,3,4
271904134012000,2019-05-11 22:13:25,yinlie,2,3
271904134012000,2019-05-11 22:13:25,yinlie,13,1
271904134012000,2019-05-11 22:13:25,xuhan,8,3
271904134012916,2019-05-11 22:13:31,/,0,0
271902214010573,2019-05-11 22:13:38,/,0,0
271902214010580,2019-05-11 22:13:45,/,0,0
271902214010549,2019-05-11 22:13:51,/,0,0
271902214010546,2019-05-11 22:13:59,/,0,0
271902214010562,2019-05-11 22:14:11,/,0,0
271902214010584,2019-05-11 22:14:13,/,0,0
271902214010579,2019-05-11 22:14:19,/,0,0
271902214010565,2019-05-11 22:14:26,/,0,0
271902214010559,2019-05-11 22:14:33,/,0,0
271902214010583,2019-05-11 22:14:39,/,0,0
271902214010528,2019-05-11 22:14:46,/,0,0
271903084012126,2019-05-11 22:14:53,/,0,0
271903044013762,2019-05-11 22:15:00,/,0,0
271903064010544,2019-05-11 22:15:06,/,0,0
271901184012627,2019-05-11 22:15:13,/,0,0
271901204011768,2019-05-11 22:15:19,/,0,0
271902194011796,2019-05-11 22:15:26,xuhan,2,1
271902214010530,2019-05-11 22:15:32,/,0,0
271902214010545,2019-05-11 22:15:39,/,0,0
271902214010556,2019-05-11 22:15:46,/,0,0
271902214010566,2019-05-11 22:15:52,/,0,0
271902214010540,2019-05-11 22:15:58,/,0,0
271902194012929,2019-05-11 22:16:04,xuhan,2,4
271902214010531,2019-05-11 22:16:10,/,0,0
271902214010554,2019-05-11 22:16:17,/,0,0
271902214010570,2019-05-11 22:16:23,/,0,0
271902214010574,2019-05-11 22:16:29,yinlie,9,4
271903064011647,2019-05-11 22:16:35,/,0,0
271903104011569,2019-05-11 22:16:41,xuhan,2,2
271902214010543,2019-05-11 22:16:47,/,0,0
271903024013965,2019-05-11 22:16:58,xuhan,2,1
271903024013965,2019-05-11 22:16:58,xuhan,2,4
271904174012072,2019-05-11 22:17:00,yinlie,2,1
271904174012069,2019-05-11 22:17:05,/,0,0
271904174012050,2019-05-11 22:17:11,yinlie,6,1
271904174012047,2019-05-11 22:17:16,/,0,0
271904134012365,2019-05-11 22:17:22,/,0,0
271904174012075,2019-05-11 22:17:34,/,0,0
271904184011457,2019-05-11 22:17:35,/,0,0
271904184011451,2019-05-11 22:17:41,/,0,0
271904184011312,2019-05-11 22:17:47,/,0,0
271904184011450,2019-05-11 22:17:53,/,0,0
271904184011466,2019-05-11 22:18:00,/,0,0
271904184011460,2019-05-11 22:18:06,/,0,0
271904184011426,2019-05-11 22:18:13,/,0,0
271904184011453,2019-05-11 22:18:19,/,0,0
271904184011471,2019-05-11 22:18:26,/,0,0
271904184011445,2019-05-11 22:18:33,/,0,0
271904184011444,2019-05-11 22:18:45,/,0,0
271904184011438,2019-05-11 22:18:46,/,0,0
271904184011430,2019-05-11 22:18:51,/,0,0
271904184011433,2019-05-11 22:18:57,/,0,0
271904184011465,2019-05-11 22:19:08,/,0,0
271904184010360,2019-05-11 22:19:10,/,0,0
271904184010330,2019-05-11 22:19:16,/,0,0
271904184010217,2019-05-11 22:19:23,/,0,0
271904174013007,2019-05-11 22:19:29,/,0,0
271904184010219,2019-05-11 22:19:36,yinlie,8,1
271904184010353,2019-05-11 22:19:43,/,0,0
271904184010203,2019-05-11 22:19:49,yinlie,9,4
271904184010397,2019-05-11 22:19:56,/,0,0
271904174012431,2019-05-11 22:20:07,/,0,0
271904174012476,2019-05-11 22:20:08,/,0,0
271904174012427,2019-05-11 22:20:15,/,0,0
271904184011452,2019-05-11 22:20:22,/,0,0
271904184010599,2019-05-11 22:20:33,/,0,0
271904184010601,2019-05-11 22:20:35,/,0,0
271904184011308,2019-05-11 22:20:40,/,0,0
271904184011409,2019-05-11 22:20:47,/,0,0
271904184011418,2019-05-11 22:20:54,yinlie,8,4
271904184011419,2019-05-11 22:21:01,/,0,0
271904184011431,2019-05-11 22:21:07,/,0,0
271904184011442,2019-05-11 22:21:14,/,0,0
271904184011448,2019-05-11 22:21:25,/,0,0
271904184011449,2019-05-11 22:21:27,/,0,0
271904184011459,2019-05-11 22:21:32,xuhan,8,0
271904184011469,2019-05-11 22:21:38,/,0,0
271904184011470,2019-05-11 22:21:45,/,0,0
271904184011475,2019-05-11 22:21:56,/,0,0
271904174012906,2019-05-11 22:21:58,xuhan,2,3
271904174012925,2019-05-11 22:22:03,/,0,0
271904174013031,2019-05-11 22:22:10,/,0,0
271904184010210,2019-05-11 22:22:17,/,0,0
271904184010216,2019-05-11 22:22:23,/,0,0
271904184010218,2019-05-11 22:22:29,/,0,0
271904184010314,2019-05-11 22:22:36,/,0,0
271904184010327,2019-05-11 22:22:42,/,0,0
271904184010339,2019-05-11 22:22:48,/,0,0
271904184010341,2019-05-11 22:23:00,/,0,0
271904184010343,2019-05-11 22:23:02,xuhan,7,4
271904184010344,2019-05-11 22:23:07,/,0,0
271904184010349,2019-05-11 22:23:13,/,0,0
271904184010352,2019-05-11 22:23:20,/,0,0
271904184010354,2019-05-11 22:23:26,yinlie,9,1
271904184010362,2019-05-11 22:23:32,/,0,0
271904184010368,2019-05-11 22:23:39,/,0,0
271904184010375,2019-05-11 22:23:45,/,0,0
271904184010379,2019-05-11 22:23:51,/,0,0
271904184010400,2019-05-11 22:23:58,/,0,0
271904174012216,2019-05-11 22:24:04,/,0,0
271904174012463,2019-05-11 22:24:10,/,0,0
271904174012468,2019-05-11 22:24:16,/,0,0
271904174012472,2019-05-11 22:24:22,/,0,0
271904174012475,2019-05-11 22:24:29,/,0,0
271904174012480,2019-05-11 22:24:35,/,0,0
271904174012477,2019-05-11 22:24:41,/,0,0
271904174012490,2019-05-11 22:24:48,/,0,0
271904184011435,2019-05-11 22:24:54,/,0,0
271904184010356,2019-05-11 22:25:01,/,0,0
271904184010405,2019-05-11 22:25:07,/,0,0
271904184010377,2019-05-11 22:25:13,/,0,0
271904174012405,2019-05-11 22:25:19,/,0,0
271904174012467,2019-05-11 22:25:26,/,0,0
271904174012464,2019-05-11 22:25:38,/,0,0
271904174012462,2019-05-11 22:25:39,/,0,0
271904174012456,2019-05-11 22:25:46,/,0,0
271904174012471,2019-05-11 22:25:52,/,0,0
271904174012401,2019-05-11 22:25:59,/,0,0
271904174012489,2019-05-11 22:26:05,/,0,0
271904174012484,2019-05-11 22:26:12,/,0,0
271904174012378,2019-05-11 22:26:23,/,0,0
271904174012376,2019-05-11 22:26:25,/,0,0
271904174012491,2019-05-11 22:26:31,/,0,0
271904174012224,2019-05-11 22:26:37,/,0,0
271904174012408,2019-05-11 22:26:44,/,0,0
271904174012486,2019-05-11 22:26:50,/,0,0
271904174012422,2019-05-11 22:27:01,/,0,0
271904184011971,2019-05-11 22:27:02,/,0,0
271904184011940,2019-05-11 22:27:07,/,0,0
271904184012030,2019-05-11 22:27:13,/,0,0
271904184012570,2019-05-11 22:27:19,/,0,0
271904184011938,2019-05-11 22:27:25,/,0,0
271904184012567,2019-05-11 22:27:31,/,0,0
271904184011981,2019-05-11 22:27:41,yinlie,6,0
271904184011952,2019-05-11 22:27:42,/,0,0
271904184012023,2019-05-11 22:27:48,/,0,0
271904184011948,2019-05-11 22:27:54,/,0,0
271904184012024,2019-05-11 22:27:59,/,0,0
271904184011631,2019-05-11 22:28:05,yinlie,9,4
271904184011631,2019-05-11 22:28:05,yinlie,2,5
271904184011631,2019-05-11 22:28:05,yinlie,12,0
271904174012235,2019-05-11 22:28:16,yinlie,9,1
271904174012235,2019-05-11 22:28:16,yinlie,9,3
271904174012235,2019-05-11 22:28:16,yinlie,6,0
271904174012235,2019-05-11 22:28:16,yinlie,8,2
271904174012235,2019-05-11 22:28:16,yinlie,8,2
271904174012235,2019-05-11 22:28:16,yinlie,6,3
271904184011961,2019-05-11 22:28:17,yinlie,12,5
271904184010338,2019-05-11 22:28:22,yinlie,8,5
271904184010338,2019-05-11 22:28:22,yinlie,5,1
271904184010338,2019-05-11 22:28:22,yinlie,6,1
271904184010338,2019-05-11 22:28:22,yinlie,8,3
271904184010338,2019-05-11 22:28:22,yinlie,2,3
271904194010101,2019-05-11 22:28:28,yinlie,9,5
271904194010117,2019-05-11 22:28:39,yinlie,4,1
271904194010123,2019-05-11 22:28:40,/,0,0
271904194010111,2019-05-11 22:28:46,/,0,0
271904194010166,2019-05-11 22:28:52,/,0,0
271904194010158,2019-05-11 22:28:57,/,0,0
271904194010178,2019-05-11 22:29:09,yinlie,4,1
271904194010024,2019-05-11 22:29:10,/,0,0
271904194010098,2019-05-11 22:29:15,yinlie,7,4
271904194010098,2019-05-11 22:29:15,yinlie,4,5
271904194010114,2019-05-11 22:29:20,yinlie,11,1
271904194010074,2019-05-11 22:29:26,yinlie,12,5
271904194010152,2019-05-11 22:29:32,/,0,0
271904194010155,2019-05-11 22:29:42,yinlie,12,1
271904194010155,2019-05-11 22:29:42,yinlie,11,3
271904194010107,2019-05-11 22:29:44,/,0,0
271904194010108,2019-05-11 22:29:50,/,0,0
271904194010124,2019-05-11 22:29:55,yinlie,11,3
271904194010122,2019-05-11 22:30:01,/,0,0
271904194010109,2019-05-11 22:30:13,/,0,0
271904194010149,2019-05-11 22:30:13,/,0,0
271904194010094,2019-05-11 22:30:18,/,0,0
271904194010177,2019-05-11 22:30:24,/,0,0
271904194010112,2019-05-11 22:30:30,/,0,0
271904194011971,2019-05-11 22:30:41,/,0,0
271904194011961,2019-05-11 22:30:47,yinlie,2,1
271904194011961,2019-05-11 22:30:47,yinlie,12,0
271904194011962,2019-05-11 22:30:48,/,0,0
271904184010420,2019-05-11 22:30:53,yinlie,10,4
271904184010420,2019-05-11 22:30:53,yinlie,9,2
271904194011935,2019-05-11 22:30:59,/,0,0
271904194011921,2019-05-11 22:31:04,/,0,0
271904194011913,2019-05-11 22:31:15,yinlie,8,2
271904194011913,2019-05-11 22:31:15,yinlie,3,3
271904194011913,2019-05-11 22:31:15,yinlie,8,0
271904194011913,2019-05-11 22:31:15,yinlie,4,3
271904194011913,2019-05-11 22:31:15,yinlie,5,0
271904194011913,2019-05-11 22:31:15,yinlie,6,2
271904194011913,2019-05-11 22:31:15,yinlie,9,2
271904194011922,2019-05-11 22:31:16,yinlie,4,2
271904194011911,2019-05-11 22:31:27,/,0,0
271904184011164,2019-05-11 22:31:28,/,0,0
271904184011886,2019-05-11 22:31:33,yinlie,7,4
271904184011886,2019-05-11 22:31:33,yinlie,12,1
271904184011886,2019-05-11 22:31:33,yinlie,6,1
271904194010151,2019-05-11 22:31:40,yinlie,3,4
271904194010162,2019-05-11 22:31:46,/,0,0
271904194010084,2019-05-11 22:31:57,/,0,0
271904194010247,2019-05-11 22:31:58,/,0,0
271904194010118,2019-05-11 22:32:03,/,0,0
271904194010081,2019-05-11 22:32:09,yinlie,6,2
271904194010115,2019-05-11 22:32:21,yinlie,6,4
271904194010106,2019-05-11 22:32:22,/,0,0
271904184011939,2019-05-11 22:32:27,yinlie,11,1
271904194011939,2019-05-11 22:32:33,/,0,0
271904194011981,2019-05-11 22:32:39,yinlie,5,3
271904194011981,2019-05-11 22:32:39,yinlie,9,0
271904194011981,2019-05-11 22:32:39,yinlie,3,0
271904194011981,2019-05-11 22:32:39,yinlie,13,1
271904194011973,2019-05-11 22:32:44,/,0,0
271904194011918,2019-05-11 22:32:50,yinlie,4,4
271904194011918,2019-05-11 22:32:50,yinlie,6,3
271904194011938,2019-05-11 22:32:56,yinlie,8,5
271904194011952,2019-05-11 22:33:01,yinlie,13,4
271904194011952,2019-05-11 22:33:01,yinlie,11,5
271904194011952,2019-05-11 22:33:01,yinlie,8,5
271904194011952,2019-05-11 22:33:01,yinlie,9,5
271904194011952,2019-05-11 22:33:01,yinlie,5,0
271904194011952,2019-05-11 22:33:01,yinlie,3,2
271904194011952,2019-05-11 22:33:01,yinlie,12,1
271904194011952,2019-05-11 22:33:01,yinlie,6,1
271904194011952,2019-05-11 22:33:01,yinlie,7,2
271904194011952,2019-05-11 22:33:01,yinlie,7,2
271904194011952,2019-05-11 22:33:01,yinlie,8,1
271904194011952,2019-05-11 22:33:01,yinlie,2,5
271904194011952,2019-05-11 22:33:01,yinlie,7,5
271904194011952,2019-05-11 22:33:01,yinlie,12,5
271904194011952,2019-05-11 22:33:01,yinlie,4,0
271904194011952,2019-05-11 22:33:01,yinlie,10,1
271904194011952,2019-05-11 22:33:01,yinlie,12,2
271904194011952,2019-05-11 22:33:01,yinlie,10,5
271904194011952,2019-05-11 22:33:01,yinlie,11,1
271904194011952,2019-05-11 22:33:01,yinlie,4,1
271904194011952,2019-05-11 22:33:01,yinlie,7,0
271904194011960,2019-05-11 22:33:07,/,0,0
271904194011909,2019-05-11 22:33:13,/,0,0
271904194011914,2019-05-11 22:33:19,yinlie,6,4
271904194011914,2019-05-11 22:33:19,yinlie,6,4
271904194011914,2019-05-11 22:33:19,xuhan,12,3
271904194010144,2019-05-11 22:33:24,/,0,0
271904194011917,2019-05-11 22:33:30,yinlie,8,5
271904194011917,2019-05-11 22:33:30,yinlie,13,1
271904194011953,2019-05-11 22:33:36,/,0,0
271904194011942,2019-05-11 22:33:42,/,0,0
271904174013245,2019-05-11 22:33:47,/,0,0
271904194011937,2019-05-11 22:33:53,/,0,0
271904194011934,2019-05-11 22:33:59,xuhan,12,3
271904194011927,2019-05-11 22:34:05,yinlie,4,4
271904194011944,2019-05-11 22:34:11,/,0,0
271904194011950,2019-05-11 22:34:22,/,0,0
271904184011223,2019-05-11 22:34:22,/,0,0
271904184011858,2019-05-11 22:34:28,/,0,0
271904184011870,2019-05-11 22:34:34,/,0,0
271904184011954,2019-05-11 22:34:39,/,0,0
271904184011996,2019-05-11 22:34:45,/,0,0
271904184011998,2019-05-11 22:34:51,yinlie,10,5
271904184011999,2019-05-11 22:34:56,yinlie,8,5
271904184011999,2019-05-11 22:34:56,yinlie,7,1
271904184011999,2019-05-11 22:34:56,yinlie,12,1
271904184012028,2019-05-11 22:35:02,yinlie,2,2
271904184012573,2019-05-11 22:35:13,/,0,0
271904194011904,2019-05-11 22:35:14,yinlie,11,0
271904194011919,2019-05-11 22:35:19,yinlie,13,1
271904194011925,2019-05-11 22:35:25,yinlie,7,1
271904194011910,2019-05-11 22:35:30,/,0,0
271904184011857,2019-05-11 22:35:41,yinlie,3,5
271904184011991,2019-05-11 22:35:43,/,0,0
271904204011876,2019-05-11 22:35:50,/,0,0
271904204011928,2019-05-11 22:35:57,/,0,0
271904204012000,2019-05-11 22:36:09,/,0,0
271904204011957,2019-05-11 22:36:15,/,0,0
271904204012003,2019-05-11 22:36:17,/,0,0
271904204012002,2019-05-11 22:36:22,/,0,0
271904204011990,2019-05-11 22:36:28,/,0,0
271904204011981,2019-05-11 22:36:34,/,0,0
271904204011998,2019-05-11 22:36:41,/,0,0
271904204011992,2019-05-11 22:36:47,/,0,0
271904204011823,2019-05-11 22:36:53,/,0,0
271904204011975,2019-05-11 22:36:59,/,0,0
271904204011827,2019-05-11 22:37:06,/,0,0
271904204011769,2019-05-11 22:37:12,/,0,0
271904204011988,2019-05-11 22:37:24,/,0,0
271904204011949,2019-05-11 22:37:25,/,0,0
271904204011884,2019-05-11 22:37:30,/,0,0
271904204011825,2019-05-11 22:37:36,/,0,0
271904194012419,2019-05-11 22:37:42,/,0,0
271904194012821,2019-05-11 22:37:49,/,0,0
271904194012851,2019-05-11 22:37:56,/,0,0
271904194012841,2019-05-11 22:38:02,/,0,0
271904194012846,2019-05-11 22:38:08,/,0,0
271904194012872,2019-05-11 22:38:14,/,0,0
271904194012865,2019-05-11 22:38:21,/,0,0
271904194012866,2019-05-11 22:38:27,/,0,0
271904194012868,2019-05-11 22:38:33,/,0,0
271904194012867,2019-05-11 22:38:45,/,0,0
271904194012831,2019-05-11 22:38:47,/,0,0
271904194012855,2019-05-11 22:38:53,/,0,0
271904194012864,2019-05-11 22:38:59,/,0,0
271904194012863,2019-05-11 22:39:11,/,0,0
271904204010785,2019-05-11 22:39:12,/,0,0
271904204010757,2019-05-11 22:39:18,/,0,0
271904204010800,2019-05-11 22:39:25,/,0,0
271904204010799,2019-05-11 22:39:32,/,0,0
271904204010781,2019-05-11 22:39:43,/,0,0
271904204010744,2019-05-11 22:39:45,/,0,0
271904204010742,2019-05-11 22:39:51,/,0,0
271904204010812,2019-05-11 22:39:57,/,0,0
271904204010806,2019-05-11 22:40:03,/,0,0
271904204010805,2019-05-11 22:40:10,/,0,0
271904204010802,2019-05-11 22:40:16,/,0,0
271904204010807,2019-05-11 22:40:23,/,0,0
271904204010793,2019-05-11 22:40:29,/,0,0
271904204010795,2019-05-11 22:40:36,/,0,0
271904204010801,2019-05-11 22:40:42,/,0,0
271904204010803,2019-05-11 22:40:48,yinlie,9,5
271904204010628,2019-05-11 22:40:55,/,0,0
271904204010820,2019-05-11 22:41:06,/,0,0
271904204010813,2019-05-11 22:41:07,/,0,0
271904204010815,2019-05-11 22:41:13,/,0,0
271904204010786,2019-05-11 22:41:19,/,0,0
271904204010804,2019-05-11 22:41:31,yinlie,9,0
271904204010788,2019-05-11 22:41:33,/,0,0
271904204010746,2019-05-11 22:41:38,/,0,0
271904194012499,2019-05-11 22:41:45,/,0,0
271904194012534,2019-05-11 22:41:51,/,0,0
271904194012591,2019-05-11 22:42:02,/,0,0
271904194012788,2019-05-11 22:42:04,/,0,0
271904194012819,2019-05-11 22:42:10,/,0,0
271904194012869,2019-05-11 22:42:16,/,0,0
271904194012835,2019-05-11 22:42:27,/,0,0
271904204012005,2019-05-11 22:42:29,/,0,0
271904204011946,2019-05-11 22:42:35,/,0,0
271904204011994,2019-05-11 22:42:41,/,0,0
271904204011982,2019-05-11 22:42:47,/,0,0
271904204011934,2019-05-11 22:42:53,/,0,0
271904204011989,2019-05-11 22:43:00,/,0,0
271904204011999,2019-05-11 22:43:11,/,0,0
271904204011930,2019-05-11 22:43:12,/,0,0
271904204011967,2019-05-11 22:43:19,/,0,0
271904194012842,2019-05-11 22:43:25,/,0,0
271904194012853,2019-05-11 22:43:31,/,0,0
271904194012497,2019-05-11 22:43:37,/,0,0
271904194012796,2019-05-11 22:43:49,/,0,0
271904204010752,2019-05-11 22:43:50,/,0,0
271904204010796,2019-05-11 22:43:56,/,0,0
271904204010794,2019-05-11 22:44:02,/,0,0
271904204010665,2019-05-11 22:44:08,/,0,0
271904204010707,2019-05-11 22:44:14,/,0,0
271904204011901,2019-05-11 22:44:21,/,0,0
271904204011924,2019-05-11 22:44:28,/,0,0
271904204011955,2019-05-11 22:44:35,/,0,0
271904204011965,2019-05-11 22:44:46,/,0,0
271904204010809,2019-05-11 22:44:48,/,0,0
271904204010816,2019-05-11 22:44:53,/,0,0
271904194012822,2019-05-11 22:45:00,/,0,0
271904194012828,2019-05-11 22:45:11,/,0,0
271904194012833,2019-05-11 22:45:13,/,0,0
271904194012839,2019-05-11 22:45:18,/,0,0
271904194012840,2019-05-11 22:45:24,/,0,0
271904194012848,2019-05-11 22:45:30,/,0,0
271904204012538,2019-05-11 22:45:40,yinlie,8,4
271904204012538,2019-05-11 22:45:40,yinlie,9,3
271904204012536,2019-05-11 22:45:42,/,0,0
271904204012540,2019-05-11 22:45:47,/,0,0
271904204012553,2019-05-11 22:45:53,/,0,0
271904204012548,2019-05-11 22:45:58,yinlie,8,1
271904204012435,2019-05-11 22:46:09,/,0,0
271904204013138,2019-05-11 22:46:10,shixiao,3,4
271904204013138,2019-05-11 22:46:10,yinlie,2,4
271904204013140,2019-05-11 22:46:16,/,0,0
271904204013139,2019-05-11 22:46:22,yinlie,11,3
271904204013145,2019-05-11 22:46:27,/,0,0
271904204012549,2019-05-11 22:46:39,/,0,0
271904204013137,2019-05-11 22:46:43,/,0,0
271904204012551,2019-05-11 22:46:45,/,0,0
271904204013136,2019-05-11 22:46:50,/,0,0
271904204012421,2019-05-11 22:46:56,/,0,0
271904204012560,2019-05-11 22:47:02,yinlie,2,0
271904204012560,2019-05-11 22:47:02,yinlie,8,3
271904204012446,2019-05-11 22:47:12,yinlie,4,4
271904204012446,2019-05-11 22:47:12,yinlie,7,4
271904204012461,2019-05-11 22:47:14,yinlie,4,3
271904204012554,2019-05-11 22:47:20,yinlie,6,4
271904204012554,2019-05-11 22:47:20,yinlie,8,0
271904204012554,2019-05-11 22:47:20,yinlie,13,3
271904204012559,2019-05-11 22:47:25,/,0,0
271904204012541,2019-05-11 22:47:31,/,0,0
271904214010539,2019-05-11 22:47:42,/,0,0
271904214010542,2019-05-11 22:47:48,/,0,0
271904214010462,2019-05-11 22:47:54,/,0,0
271904214010533,2019-05-11 22:47:55,/,0,0
271904214010527,2019-05-11 22:48:00,/,0,0
271904214010467,2019-05-11 22:48:06,yinlie,8,1
271904214010467,2019-05-11 22:48:06,yinlie,9,1
271904214010569,2019-05-11 22:48:16,yinlie,4,0
271904214010549,2019-05-11 22:48:17,/,0,0
271904214010519,2019-05-11 22:48:23,/,0,0
271904214010518,2019-05-11 22:48:29,yinlie,3,4
271904214010584,2019-05-11 22:48:35,yinlie,11,2
271904214010592,2019-05-11 22:48:45,yinlie,10,5
271904214010592,2019-05-11 22:48:45,yinlie,4,3
271904214010526,2019-05-11 22:48:46,/,0,0
271904214010590,2019-05-11 22:48:52,yinlie,7,2
271904214010590,2019-05-11 22:48:52,yinlie,9,3
271904214010590,2019-05-11 22:48:52,yinlie,8,2
271904214010589,2019-05-11 22:48:57,yinlie,7,2
271904214010513,2019-05-11 22:49:03,/,0,0
271904214010572,2019-05-11 22:49:15,/,0,0
271904214010550,2019-05-11 22:49:16,yinlie,6,3
271904214010550,2019-05-11 22:49:16,yinlie,4,3
271904214010550,2019-05-11 22:49:16,yinlie,2,0
271904214010550,2019-05-11 22:49:16,yinlie,6,0
271904214010550,2019-05-11 22:49:16,yinlie,3,2
271904214010550,2019-05-11 22:49:16,yinlie,6,2
271904214010550,2019-05-11 22:49:16,yinlie,13,4
271904214010550,2019-05-11 22:49:16,yinlie,12,3
271904214010541,2019-05-11 22:49:21,/,0,0
271904204012440,2019-05-11 22:49:27,/,0,0
271904204012550,2019-05-11 22:49:32,/,0,0
271904204012443,2019-05-11 22:49:38,yinlie,7,1
271904204012443,2019-05-11 22:49:38,yinlie,2,3
271904204012443,2019-05-11 22:49:38,yinlie,6,2
271904204012443,2019-05-11 22:49:38,xuhan,6,1
271904204013135,2019-05-11 22:49:44,/,0,0
271904204012420,2019-05-11 22:49:50,/,0,0
271904214010591,2019-05-11 22:49:55,yinlie,7,0
271904214010551,2019-05-11 22:50:01,/,0,0
271904214010547,2019-05-11 22:50:07,yinlie,6,4
271904214010489,2019-05-11 22:50:12,/,0,0
271904214010505,2019-05-11 22:50:18,/,0,0
271904214010514,2019-05-11 22:50:24,/,0,0
271904214010524,2019-05-11 22:50:30,/,0,0
271904214010532,2019-05-11 22:50:35,/,0,0
271904214010534,2019-05-11 22:50:41,yinlie,12,2
271904214010538,2019-05-11 22:50:47,/,0,0
271904214010544,2019-05-11 22:50:52,/,0,0
271904214010545,2019-05-11 22:50:58,/,0,0
271904204012557,2019-05-11 22:51:04,/,0,0
271904204012543,2019-05-11 22:51:10,yinlie,4,2
271904204012537,2019-05-11 22:51:16,/,0,0
271904204012422,2019-05-11 22:51:22,/,0,0
271904204012460,2019-05-11 22:51:28,/,0,0
271904224011627,2019-05-11 22:51:35,yinlie,8,3
271904224011551,2019-05-11 22:51:40,yinlie,4,3
271904224011551,2019-05-11 22:51:40,yinlie,2,5
271904224011551,2019-05-11 22:51:40,yinlie,9,2
271904224011586,2019-05-11 22:51:52,/,0,0
271904224011607,2019-05-11 22:51:53,/,0,0
271904224011583,2019-05-11 22:51:58,yinlie,10,3
271904224011574,2019-05-11 22:52:04,/,0,0
271904224011621,2019-05-11 22:52:09,/,0,0
271904224011610,2019-05-11 22:52:15,/,0,0
271904224011631,2019-05-11 22:52:21,yinlie,7,5
271904224011631,2019-05-11 22:52:21,yinlie,7,5
271904224011558,2019-05-11 22:52:32,/,0,0
271904224011545,2019-05-11 22:52:34,yinlie,7,5
271904224011552,2019-05-11 22:52:38,/,0,0
271904224011572,2019-05-11 22:52:44,/,0,0
271904224011633,2019-05-11 22:52:50,/,0,0
271904224011622,2019-05-11 22:52:55,yinlie,7,0
271904224011622,2019-05-11 22:52:55,yinlie,4,4
271904224011622,2019-05-11 22:52:55,yinlie,5,4
271904224011622,2019-05-11 22:52:55,yinlie,10,3
271904224011622,2019-05-11 22:52:55,yinlie,11,5
271904224011612,2019-05-11 22:53:01,yinlie,13,3
271904224011612,2019-05-11 22:53:01,yinlie,3,5
271904224011576,2019-05-11 22:53:12,/,0,0
271904224011560,2019-05-11 22:53:13,/,0,0
271904224010507,2019-05-11 22:53:18,/,0,0
271904224010517,2019-05-11 22:53:24,yinlie,7,4
271904224010517,2019-05-11 22:53:24,yinlie,7,4
271904224010541,2019-05-11 22:53:30,/,0,0
271904224010514,2019-05-11 22:53:36,/,0,0
271904214012022,2019-05-11 22:53:42,yinlie,13,4
271904214012416,2019-05-11 22:53:47,/,0,0
271904214011934,2019-05-11 22:53:53,yinlie,5,4
271904214012421,2019-05-11 22:53:59,/,0,0
271904214012425,2019-05-11 22:54:10,yinlie,6,1
271904214012425,2019-05-11 22:54:10,yinlie,5,1
271904214012425,2019-05-11 22:54:10,yinlie,4,5
271904214012011,2019-05-11 22:54:11,/,0,0
271904214012047,2019-05-11 22:54:16,/,0,0
271904214012440,2019-05-11 22:54:22,/,0,0
271904214012027,2019-05-11 22:54:28,/,0,0
271904214012015,2019-05-11 22:54:38,/,0,0
271904214012030,2019-05-11 22:54:39,/,0,0
271904214012029,2019-05-11 22:54:45,yinlie,4,1
271904214012029,2019-05-11 22:54:45,yinlie,5,1
271904214012025,2019-05-11 22:54:50,yinlie,9,5
271904214012025,2019-05-11 22:54:50,yinlie,6,2
271904214012441,2019-05-11 22:54:56,/,0,0
271904214012043,2019-05-11 22:55:07,yinlie,10,2
271904214012043,2019-05-11 22:55:07,yinlie,12,5
271904214012043,2019-05-11 22:55:07,yinlie,9,4
271904214012043,2019-05-11 22:55:07,yinlie,8,2
271904214012043,2019-05-11 22:55:07,yinlie,8,4
271904214012043,2019-05-11 22:55:07,yinlie,2,2
271904214012043,2019-05-11 22:55:07,yinlie,10,5
271904214012043,2019-05-11 22:55:07,yinlie,12,4
271904214012427,2019-05-11 22:55:08,/,0,0
271904214012419,2019-05-11 22:55:14,/,0,0
271904214011836,2019-05-11 22:55:19,yinlie,11,3
271904214012428,2019-05-11 22:55:31,/,0,0
271904214011799,2019-05-11 22:55:32,yinlie,7,2
271904224011401,2019-05-11 22:55:37,/,0,0
271904224011620,2019-05-11 22:55:42,/,0,0
271904224011569,2019-05-11 22:55:48,/,0,0
271904224011530,2019-05-11 22:55:54,/,0,0
271904224011632,2019-05-11 22:56:00,/,0,0
271904224011534,2019-05-11 22:56:06,/,0,0
271904224011619,2019-05-11 22:56:11,/,0,0
271904224010457,2019-05-11 22:56:22,yinlie,11,1
271904224010413,2019-05-11 22:56:23,yinlie,6,0
271904224010413,2019-05-11 22:56:23,yinlie,10,0
271904224010413,2019-05-11 22:56:23,yinlie,12,1
271904224010474,2019-05-11 22:56:28,yinlie,9,2
271904224010480,2019-05-11 22:56:34,yinlie,6,0
271904214010879,2019-05-11 22:56:40,/,0,0
271904224010532,2019-05-11 22:56:50,/,0,0
271904224010555,2019-05-11 22:56:51,yinlie,10,4
271904224010524,2019-05-11 22:56:58,yinlie,7,5
271904224010524,2019-05-11 22:56:58,yinlie,11,0
271904214013209,2019-05-11 22:57:04,yinlie,5,3
271904214013209,2019-05-11 22:57:04,yinlie,6,1
271904214013209,2019-05-11 22:57:04,yinlie,4,3
271904214013209,2019-05-11 22:57:04,yinlie,3,0
271904214013209,2019-05-11 22:57:04,yinlie,9,1
271904214013209,2019-05-11 22:57:04,yinlie,12,0
271904214013209,2019-05-11 22:57:04,yinlie,12,2
271904214013209,2019-05-11 22:57:04,yinlie,6,0
271904214013209,2019-05-11 22:57:04,yinlie,11,1
271904214013209,2019-05-11 22:57:04,yinlie,8,2
271904214013209,2019-05-11 22:57:04,yinlie,4,1
271904214013209,2019-05-11 22:57:04,yinlie,4,1
271904214013209,2019-05-11 22:57:04,yinlie,5,0
271904214013209,2019-05-11 22:57:04,yinlie,3,1
271904214013209,2019-05-11 22:57:04,yinlie,8,1
271904214013209,2019-05-11 22:57:04,yinlie,6,2
271904214013209,2019-05-11 22:57:04,yinlie,7,0
271904214013209,2019-05-11 22:57:04,yinlie,5,1
271904214013209,2019-05-11 22:57:04,yinlie,10,0
271904214013209,2019-05-11 22:57:04,yinlie,4,0
271904214013209,2019-05-11 22:57:04,yinlie,11,2
271904214013209,2019-05-11 22:57:04,yinlie,10,1
271904214013209,2019-05-11 22:57:04,yinlie,10,1
271904214013209,2019-05-11 22:57:04,yinlie,7,1
271904214013212,2019-05-11 22:57:10,/,0,0
271904224010531,2019-05-11 22:57:21,yinlie,13,4
271904224010531,2019-05-11 22:57:21,yinlie,7,4
271904224010531,2019-05-11 22:57:21,yinlie,8,1
271904224010526,2019-05-11 22:57:22,yinlie,12,2
271904224010530,2019-05-11 22:57:27,yinlie,12,5
271904224010530,2019-05-11 22:57:27,yinlie,10,4
271904224010530,2019-05-11 22:57:27,yinlie,12,2
271904224010534,2019-05-11 22:57:32,yinlie,4,2
271904224010537,2019-05-11 22:57:38,yinlie,10,2
271904224010537,2019-05-11 22:57:38,yinlie,11,2
271904214010940,2019-05-11 22:57:44,/,0,0
271904224010436,2019-05-11 22:57:49,/,0,0
271904224010418,2019-05-11 22:58:01,/,0,0
271904224010512,2019-05-11 22:58:02,yinlie,4,4
271904224010512,2019-05-11 22:58:02,yinlie,2,4
271904224010512,2019-05-11 22:58:02,yinlie,6,5
271904224010512,2019-05-11 22:58:02,yinlie,3,3
271904214010931,2019-05-11 22:58:06,yinlie,7,2
271904214010931,2019-05-11 22:58:06,yinlie,12,1
271904224010539,2019-05-11 22:58:12,yinlie,9,1
271904224010539,2019-05-11 22:58:12,yinlie,7,0
271904224010539,2019-05-11 22:58:12,yinlie,5,5
271904224010539,2019-05-11 22:58:12,yinlie,2,5
271904224010542,2019-05-11 22:58:18,/,0,0
271904224010430,2019-05-11 22:58:23,yinlie,10,5
271904224010430,2019-05-11 22:58:23,yinlie,10,5
271904224010430,2019-05-11 22:58:23,yinlie,10,5
271904224010430,2019-05-11 22:58:23,yinlie,2,1
271904224010430,2019-05-11 22:58:23,yinlie,8,3
271904224010430,2019-05-11 22:58:23,yinlie,8,3
271904224010430,2019-05-11 22:58:23,yinlie,10,4
271904224010430,2019-05-11 22:58:23,yinlie,6,1
271904214012432,2019-05-11 22:58:34,yinlie,8,4
271904214012432,2019-05-11 22:58:34,yinlie,12,4
271904214012447,2019-05-11 22:58:35,/,0,0
271904214011927,2019-05-11 22:58:41,yinlie,5,5
271904214012005,2019-05-11 22:58:46,/,0,0
271904214012050,2019-05-11 22:58:52,/,0,0
271904214012037,2019-05-11 22:59:04,/,0,0
271904214012045,2019-05-11 22:59:10,/,0,0
271904214012445,2019-05-11 22:59:11,yinlie,6,2
271904214012445,2019-05-11 22:59:11,yinlie,11,5
271904214012010,2019-05-11 22:59:15,/,0,0
271904214011976,2019-05-11 22:59:26,/,0,0
271904224010535,2019-05-11 22:59:27,yinlie,8,4
271904224010535,2019-05-11 22:59:27,yinlie,10,0
271904224010454,2019-05-11 22:59:33,/,0,0
271904224010483,2019-05-11 22:59:38,yinlie,7,0
271904214011991,2019-05-11 22:59:44,/,0,0
271904224010545,2019-05-11 23:07:53,yinlie,8,2
271904224010545,2019-05-11 23:07:53,yinlie,4,5
3271316126165,2019-05-11 23:08:04,yinlie,4,5
3271316126261,2019-05-11 23:08:11,shixiao,6,3
3271316126261,2019-05-11 23:08:11,xuhan,8,4
3271316126114,2019-05-11 23:08:17,shixiao,2,0
3271316126114,2019-05-11 23:08:17,shixiao,3,0
3271316126114,2019-05-11 23:08:17,yinlie,7,1
3271316126292,2019-05-11 23:08:23,/,0,0
3271316126236,2019-05-11 23:08:31,/,0,0
3271316126316,2019-05-11 23:08:36,/,0,0
3271316126320,2019-05-11 23:08:43,/,0,0
3271316126329,2019-05-11 23:08:55,/,0,0
3271316126331,2019-05-11 23:08:58,shixiao,5,4
3271316126331,2019-05-11 23:08:58,xuhan,5,4
3271316126411,2019-05-11 23:09:02,/,0,0
3271316126431,2019-05-11 23:09:12,/,0,0
