组件号(985),车间,线别,产品,班别,工单,焊接机,电池片供应商,不良原因,不良位置,时间
11905110063337,M11,L2,CS3U-P,夜班,1190511006,1HJ2003,FN,EL裂片,D23,2019-05-08 00:00:10
11905110063285,M11,L2,CS3U-P,夜班,1190511006,1HJ2004,FN,玻璃纸,F12,2019-05-08 00:02:00
11905110063182,M11,L2,CS3U-P,夜班,1190511006,1HJ2002,FN,EL裂片,A23,2019-05-08 00:02:21
11905110063311,M11,L2,CS3U-P,夜班,1190511006,1HJ2005,FN,EL裂片,A1,2019-05-08 00:04:25
11905110063315,M11,L2,CS3U-P,夜班,1190511006,1HJ2005,FN,虚焊(焊带),B24,2019-05-08 00:05:17
11905110063348,M11,L2,CS3U-P,夜班,1190511006,1HJ2003,FN,玻璃纸,C24,2019-05-08 00:06:20
11905110063348,M11,L2,CS3U-P,夜班,1190511006,1HJ2003,FN,玻璃纸,E13,2019-05-08 00:06:20
11905110063348,M11,L2,CS3U-P,夜班,1190511006,1HJ2003,FN,玻璃纸,D24,2019-05-08 00:06:20
11905110063345,M11,L2,CS3U-P,夜班,1190511006,1HJ2003,FN,虚焊(焊带),A5,2019-05-08 00:06:36
11905110063393,M11,L2,CS3U-P,夜班,1190511006,1HJ2002,FN,虚焊(焊带),D13,2019-05-08 00:07:23
11905110063344,M11,L2,CS3U-P,夜班,1190511006,1HJ2003,FN,EL裂片,F16,2019-05-08 00:08:12
11905110063344,M11,L2,CS3U-P,夜班,1190511006,1HJ2003,FN,玻璃纸,C24,2019-05-08 00:08:12
11905110063343,M11,L2,CS3U-P,夜班,1190511006,1HJ2003,FN,正偏,C13,2019-05-08 00:13:09
11905110063394,M11,L2,CS3U-P,夜班,1190511006,1HJ2002,FN,EL裂片,F16,2019-05-08 00:16:01
11905110063394,M11,L2,CS3U-P,夜班,1190511006,1HJ2002,FN,玻璃纸,C1,2019-05-08 00:16:01
11905110063320,M11,L2,CS3U-P,夜班,1190511006,1HJ2005,FN,EL裂片,C24,2019-05-08 00:16:50
11905110063397,M11,L2,CS3U-P,夜班,1190511006,1HJ2002,FN,EL裂片,A5,2019-05-08 00:19:26
11905110063343,M11,L2,CS3U-P,夜班,1190511006,1HJ2003,FN,玻璃纸,B12,2019-05-08 00:21:40
11905110063440,M11,L2,CS3U-P,夜班,1190511006,1HJ2004,FN,其他,F23,2019-05-08 00:22:53
11905110063396,M11,L2,CS3U-P,夜班,1190511006,1HJ2002,FN,EL裂片,A1,2019-05-08 00:26:31
11905110063355,M11,L2,CS3U-P,夜班,1190511006,1HJ2003,FN,EL裂片,D9,2019-05-08 00:27:00
11905110063355,M11,L2,CS3U-P,夜班,1190511006,1HJ2003,FN,EL裂片,D11,2019-05-08 00:27:00
11905110063351,M11,L2,CS3U-P,夜班,1190511006,1HJ2003,FN,EL裂片,E13,2019-05-08 00:33:48
11905110063351,M11,L2,CS3U-P,夜班,1190511006,1HJ2003,FN,EL裂片,E24,2019-05-08 00:33:48
11905110063402,M11,L2,CS3U-P,夜班,1190511006,1HJ2002,FN,EL裂片,C24,2019-05-08 00:34:14
11905110063355,M11,L2,CS3U-P,夜班,1190511006,1HJ2003,FN,玻璃纸,D8,2019-05-08 00:37:59
11905110063355,M11,L2,CS3U-P,夜班,1190511006,1HJ2003,FN,玻璃纸,D9,2019-05-08 00:37:59
11905110063359,M11,L2,CS3U-P,夜班,1190511006,1HJ2003,FN,虚焊(焊带),B1,2019-05-08 00:38:11
11905110063359,M11,L2,CS3U-P,夜班,1190511006,1HJ2003,FN,虚焊(焊带),C18,2019-05-08 00:38:11
11905110063359,M11,L2,CS3U-P,夜班,1190511006,1HJ2003,FN,虚焊(焊带),C14,2019-05-08 00:38:11
11905110063322,M11,L2,CS3U-P,夜班,1190511006,1HJ2005,FN,虚焊(焊带),B21,2019-05-08 00:39:28
11905110063183,M11,L2,CS3U-P,夜班,1190511006,1HJ2002,FN,EL裂片,E24,2019-05-08 00:39:49
11905110063183,M11,L2,CS3U-P,夜班,1190511006,1HJ2002,FN,玻璃纸,B9,2019-05-08 00:39:49
11905110063318,M11,L2,CS3U-P,夜班,1190511006,1HJ2005,FN,玻璃纸,D9,2019-05-08 00:43:06
11905110063318,M11,L2,CS3U-P,夜班,1190511006,1HJ2005,FN,玻璃纸,E12,2019-05-08 00:43:06
11905110063402,M11,L2,CS3U-P,夜班,1190511006,1HJ2002,FN,EL裂片,E4,2019-05-08 00:48:49
11905110063318,M11,L2,CS3U-P,夜班,1190511006,1HJ2005,FN,虚焊(焊带),E1,2019-05-08 00:50:58
11905110063330,M11,L2,CS3U-P,夜班,1190511006,1HJ2005,FN,玻璃纸,E20,2019-05-08 00:56:43
11905110063330,M11,L2,CS3U-P,夜班,1190511006,1HJ2005,FN,玻璃纸,E21,2019-05-08 00:56:43
11905110063364,M11,L2,CS3U-P,夜班,1190511006,1HJ2003,FN,EL裂片,D22,2019-05-08 00:56:52
11905110063411,M11,L2,CS3U-P,夜班,1190511006,1HJ2002,FN,EL裂片,C24,2019-05-08 01:00:13
11905110063367,M11,L2,CS3U-P,夜班,1190511006,1HJ2003,FN,EL裂片,B9,2019-05-08 01:07:14
11905110063448,M11,L2,CS3U-P,夜班,1190511006,1HJ2004,FN,EL裂片,C24,2019-05-08 01:07:39
11905110063417,M11,L2,CS3U-P,夜班,1190511006,1HJ2002,FN,EL裂片,C19,2019-05-08 01:12:07
11905110063452,M11,L2,CS3U-P,夜班,1190511006,1HJ2004,FN,玻璃纸,C24,2019-05-08 01:14:21
11905110063421,M11,L2,CS3U-P,夜班,1190511006,1HJ2002,FN,其他,A3,2019-05-08 01:41:03
11905110063456,M11,L2,CS3U-P,夜班,1190511006,1HJ2004,FN,玻璃纸,C24,2019-05-08 01:41:09
11905110063283,M11,L2,CS3U-P,夜班,1190511006,1HJ2004,FN,EL裂片,A19,2019-05-08 01:41:28
11905110063381,M11,L2,CS3U-P,夜班,1190511006,1HJ2003,FN,虚焊(焊带),A18,2019-05-08 01:46:09
11905110063381,M11,L2,CS3U-P,夜班,1190511006,1HJ2003,FN,虚焊(焊带),A22,2019-05-08 01:46:09
11905110063421,M11,L2,CS3U-P,夜班,1190511006,1HJ2002,FN,玻璃纸,C12,2019-05-08 01:46:16
11905110063465,M11,L2,CS3U-P,夜班,1190511006,1HJ2004,FN,其他,C13,2019-05-08 02:01:43
11905110063421,M11,L2,CS3U-P,夜班,1190511006,1HJ2002,FN,玻璃纸,C12,2019-05-08 02:01:56
11905110063392,M11,L2,CS3U-P,夜班,1190511006,1HJ2003,FN,EL裂片,E24,2019-05-08 02:02:46
11905110063392,M11,L2,CS3U-P,夜班,1190511006,1HJ2003,FN,虚焊(焊带),B13,2019-05-08 02:02:46
11905110063479,M11,L2,CS3U-P,夜班,1190511006,1HJ2002,FN,玻璃纸,A8,2019-05-08 02:04:09
11905110063479,M11,L2,CS3U-P,夜班,1190511006,1HJ2002,FN,玻璃纸,B8,2019-05-08 02:04:09
11905110063479,M11,L2,CS3U-P,夜班,1190511006,1HJ2002,FN,玻璃纸,A9,2019-05-08 02:04:09
11905110063310,M11,L2,CS3U-P,夜班,1190511006,1HJ2005,FN,EL裂片,C15,2019-05-08 02:05:43
11905110063386,M11,L2,CS3U-P,夜班,1190511006,1HJ2003,FN,EL裂片,C1,2019-05-08 02:06:14
11905110063421,M11,L2,CS3U-P,夜班,1190511006,1HJ2002,FN,玻璃纸,C11,2019-05-08 02:13:06
11905110063392,M11,L2,CS3U-P,夜班,1190511006,1HJ2003,FN,EL裂片,F12,2019-05-08 02:14:57
11905110063392,M11,L2,CS3U-P,夜班,1190511006,1HJ2003,FN,虚焊(焊带),B13,2019-05-08 02:14:57
11905110063386,M11,L2,CS3U-P,夜班,1190511006,1HJ2003,FN,虚焊(焊带),C1,2019-05-08 02:15:12
11905110063310,M11,L2,CS3U-P,夜班,1190511006,1HJ2005,FN,EL裂片,C16,2019-05-08 02:19:54
11905110063481,M11,L2,CS3U-P,夜班,1190511006,1HJ2002,FN,玻璃纸,F15,2019-05-08 02:20:08
11905110063388,M11,L2,CS3U-P,夜班,1190511006,1HJ2003,FN,玻璃纸,F22,2019-05-08 02:22:14
11905110063480,M11,L2,CS3U-P,夜班,1190511006,1HJ2002,FN,玻璃纸,C13,2019-05-08 02:22:33
11905110063479,M11,L2,CS3U-P,夜班,1190511006,1HJ2002,FN,EL裂片,B6,2019-05-08 02:24:28
11905110063480,M11,L2,CS3U-P,夜班,1190511006,1HJ2002,FN,其他,E12,2019-05-08 02:27:09
11905110063310,M11,L2,CS3U-P,夜班,1190511006,1HJ2005,FN,其他,B12,2019-05-08 02:35:48
11905110063489,M11,L2,CS3U-P,夜班,1190511006,1HJ2002,FN,玻璃纸,E4,2019-05-08 02:36:08
11905110063489,M11,L2,CS3U-P,夜班,1190511006,1HJ2002,FN,虚焊(焊带),B13,2019-05-08 02:36:08
11905110063675,M11,L2,CS3U-P,夜班,1190511006,1HJ2004,FN,EL裂片,B13,2019-05-08 02:36:58
11905110063675,M11,L2,CS3U-P,夜班,1190511006,1HJ2004,FN,虚焊(焊带),B12,2019-05-08 02:36:58
11905110063494,M11,L2,CS3U-P,夜班,1190511006,1HJ2002,FN,其他,E12,2019-05-08 02:39:35
11905110063676,M11,L2,CS3U-P,夜班,1190511006,1HJ2004,FN,正偏,F13,2019-05-08 02:39:45
11905110063673,M11,L2,CS3U-P,夜班,1190511006,1HJ2004,FN,EL裂片,F12,2019-05-08 02:45:36
11905110063478,M11,L2,CS3U-P,夜班,1190511006,1HJ2004,FN,其他,C13,2019-05-08 02:49:52
11905110063497,M11,L2,CS3U-P,夜班,1190511006,1HJ2002,FN,虚焊(焊带),C13,2019-05-08 02:50:00
11905110063474,M11,L2,CS3U-P,夜班,1190511006,1HJ2004,FN,玻璃纸,E24,2019-05-08 02:54:21
11905110063499,M11,L2,CS3U-P,夜班,1190511006,1HJ2002,FN,EL裂片,B7,2019-05-08 02:57:15
11905110063497,M11,L2,CS3U-P,夜班,1190511006,1HJ2002,FN,虚焊(焊带),C12,2019-05-08 03:01:34
11905110063497,M11,L2,CS3U-P,夜班,1190511006,1HJ2002,FN,虚焊(焊带),C13,2019-05-08 03:01:34
11905110063681,M11,L2,CS3U-P,夜班,1190511006,1HJ2004,FN,虚焊(焊带),C13,2019-05-08 03:01:41
11905110063478,M11,L2,CS3U-P,夜班,1190511006,1HJ2004,FN,虚焊(焊带),E13,2019-05-08 03:03:09
11905110063471,M11,L2,CS3U-P,夜班,1190511006,1HJ2004,FN,其他,E12,2019-05-08 03:07:50
11905110063568,M11,L2,CS3U-P,夜班,1190511006,1HJ2003,FN,EL裂片,F23,2019-05-08 03:11:15
11905110063685,M11,L2,CS3U-P,夜班,1190511006,1HJ2004,FN,EL裂片,A8,2019-05-08 03:11:27
11905110063685,M11,L2,CS3U-P,夜班,1190511006,1HJ2004,FN,EL裂片,A17,2019-05-08 03:11:27
11905110063634,M11,L2,CS3U-P,夜班,1190511006,1HJ2004,FN,EL裂片,A1,2019-05-08 03:15:50
11905110063562,M11,L2,CS3U-P,夜班,1190511006,1HJ2003,FN,EL裂片,A23,2019-05-08 03:17:49
11905110063504,M11,L2,CS3U-P,夜班,1190511006,1HJ2002,FN,汇流条虚焊,E24,2019-05-08 03:21:16
11905110063501,M11,L2,CS3U-P,夜班,1190511006,1HJ2002,FN,EL裂片,D18,2019-05-08 03:21:24
11905110063505,M11,L2,CS3U-P,夜班,1190511006,1HJ2002,FN,虚焊(焊带),F12,2019-05-08 03:34:23
11905110063564,M11,L2,CS3U-P,夜班,1190511006,1HJ2003,FN,EL裂片,A15,2019-05-08 03:34:33
11905110063503,M11,L2,CS3U-P,夜班,1190511006,1HJ2002,FN,虚焊(焊带),D12,2019-05-08 03:37:59
11905110063579,M11,L2,CS3U-P,夜班,1190511006,1HJ2003,FN,EL裂片,C9,2019-05-08 03:38:10
11905110063564,M11,L2,CS3U-P,夜班,1190511006,1HJ2003,FN,玻璃纸,F12,2019-05-08 03:41:40
11905110063580,M11,L2,CS3U-P,夜班,1190511006,1HJ2003,FN,EL裂片,C1,2019-05-08 03:42:34
11905110063571,M11,L2,CS3U-P,夜班,1190511006,1HJ2003,FN,玻璃纸,F16,2019-05-08 03:44:53
11905110063582,M11,L2,CS3U-P,夜班,1190511006,1HJ2003,FN,EL裂片,C9,2019-05-08 03:45:37
11905110063573,M11,L2,CS3U-P,夜班,1190511006,1HJ2003,FN,其他,F12,2019-05-08 03:49:45
11905110063647,M11,L2,CS3U-P,夜班,1190511006,1HJ2004,FN,EL裂片,F15,2019-05-08 03:51:56
11905110063585,M11,L2,CS3U-P,夜班,1190511006,1HJ2003,FN,EL裂片,F11,2019-05-08 03:55:25
11905110063484,M11,L2,CS3U-P,夜班,1190511006,1HJ2002,FN,EL裂片,A13,2019-05-08 03:57:25
11905110063490,M11,L2,CS3U-P,夜班,1190511006,1HJ2002,FN,其他,A10,2019-05-08 04:03:30
11905110063678,M11,L2,CS3U-P,夜班,1190511006,1HJ2004,FN,EL裂片,A2,2019-05-08 04:03:39
11905110063652,M11,L2,CS3U-P,夜班,1190511006,1HJ2004,FN,其他,D13,2019-05-08 04:08:04
11905110063686,M11,L2,CS3U-P,夜班,1190511006,1HJ2004,FN,EL裂片,A12,2019-05-08 04:08:18
11905110063651,M11,L2,CS3U-P,夜班,1190511006,1HJ2004,FN,EL裂片,D9,2019-05-08 04:10:24
11905110063690,M11,L2,CS3U-P,夜班,1190511006,1HJ2004,FN,EL裂片,B14,2019-05-08 04:33:32
11905110063592,M11,L2,CS3U-P,夜班,1190511006,1HJ2003,FN,EL裂片,C12,2019-05-08 04:47:19
11905110063592,M11,L2,CS3U-P,夜班,1190511006,1HJ2003,FN,EL裂片,D3,2019-05-08 04:47:19
11905110063659,M11,L2,CS3U-P,夜班,1190511006,1HJ2004,FN,EL裂片,B10,2019-05-08 04:47:36
11905110063593,M11,L2,CS3U-P,夜班,1190511006,1HJ2003,FN,EL裂片,F9,2019-05-08 05:17:48
11905110063659,M11,L2,CS3U-P,夜班,1190511006,1HJ2004,FN,EL裂片,B10,2019-05-08 05:20:23
11905110063690,M11,L2,CS3U-P,夜班,1190511006,1HJ2004,FN,EL裂片,B14,2019-05-08 05:24:58
11905110063592,M11,L2,CS3U-P,夜班,1190511006,1HJ2003,FN,玻璃纸,C11,2019-05-08 05:26:56
11905110063663,M11,L2,CS3U-P,夜班,1190511006,1HJ2004,FN,EL裂片,B16,2019-05-08 05:33:48
11905110063707,M11,L2,CS3U-P,夜班,1190511006,1HJ2004,FN,其他,E12,2019-05-08 05:34:15
11905110063711,M11,L2,CS3U-P,夜班,1190511006,1HJ2004,FN,EL裂片,B6,2019-05-08 05:34:23
11905110063709,M11,L2,CS3U-P,夜班,1190511006,1HJ2004,FN,EL裂片,E14,2019-05-08 05:40:09
11905110063509,M11,L2,CS3U-P,夜班,1190511006,1HJ2002,FN,EL裂片,B18,2019-05-08 05:46:12
11905110063458,M11,L2,CS3U-P,夜班,1190511006,1HJ2004,FN,EL裂片,C14,2019-05-08 05:49:43
11905110063713,M11,L2,CS3U-P,夜班,1190511006,1HJ2004,FN,其他,D13,2019-05-08 05:49:51
11905110063709,M11,L2,CS3U-P,夜班,1190511006,1HJ2004,FN,虚焊(焊带),C24,2019-05-08 05:55:12
11905110063524,M11,L2,CS3U-P,夜班,1190511006,1HJ2002,FN,EL裂片,A5,2019-05-08 05:56:51
11905110063709,M11,L2,CS3U-P,夜班,1190511006,1HJ2004,FN,其他,D24,2019-05-08 05:58:28
11905110063607,M11,L2,CS3U-P,夜班,1190511006,1HJ2003,FN,EL裂片,B12,2019-05-08 06:02:19
11905110063604,M11,L2,CS3U-P,夜班,1190511006,1HJ2003,FN,EL裂片,A1,2019-05-08 06:04:15
11905110063604,M11,L2,CS3U-P,夜班,1190511006,1HJ2003,FN,玻璃纸,D24,2019-05-08 06:04:15
11905110063604,M11,L2,CS3U-P,夜班,1190511006,1HJ2003,FN,EL裂片,A1,2019-05-08 06:06:50
11905110063540,M11,L2,CS3U-P,夜班,1190511006,1HJ2002,FN,EL裂片,B8,2019-05-08 06:12:59
11905110063614,M11,L2,CS3U-P,夜班,1190511006,1HJ2003,FN,EL裂片,F14,2019-05-08 06:40:42
11905110063748,M11,L2,CS3U-P,夜班,1190511006,1HJ2003,FN,EL裂片,A23,2019-05-08 06:43:56
11905110063730,M11,L2,CS3U-P,夜班,1190511006,1HJ2004,FN,EL裂片,A12,2019-05-08 06:44:14
11905110063732,M11,L2,CS3U-P,夜班,1190511006,1HJ2004,FN,EL裂片,A10,2019-05-08 06:46:57
11905110063553,M11,L2,CS3U-P,夜班,1190511006,1HJ2002,FN,玻璃纸,F16,2019-05-08 06:47:28
11905110063555,M11,L2,CS3U-P,夜班,1190511006,1HJ2002,FN,玻璃纸,D24,2019-05-08 06:51:27
11905110063733,M11,L2,CS3U-P,夜班,1190511006,1HJ2004,FN,玻璃纸,C12,2019-05-08 06:51:34
11905110063749,M11,L2,CS3U-P,夜班,1190511006,1HJ2003,FN,EL裂片,A1,2019-05-08 06:54:24
11905110063749,M11,L2,CS3U-P,夜班,1190511006,1HJ2003,FN,EL裂片,B11,2019-05-08 06:54:24
11905110063704,M11,L2,CS3U-P,夜班,1190511006,1HJ2004,FN,EL裂片,F17,2019-05-08 06:55:26
11905110063603,M11,L2,CS3U-P,夜班,1190511006,1HJ2003,FN,EL裂片,D22,2019-05-08 06:58:54
11905110063603,M11,L2,CS3U-P,夜班,1190511006,1HJ2003,FN,EL裂片,B9,2019-05-08 07:04:09
11905110063558,M11,L2,CS3U-P,夜班,1190511006,1HJ2002,FN,玻璃纸,A6,2019-05-08 07:07:06
11905110063757,M11,L2,CS3U-P,夜班,1190511006,1HJ2003,FN,其他,C23,2019-05-08 07:22:48
11905110063760,M11,L2,CS3U-P,夜班,1190511006,1HJ2003,FN,其他,B13,2019-05-08 07:23:49
11905110063744,M11,L2,CS3U-P,夜班,1190511006,1HJ2004,FN,其他,C21,2019-05-08 07:24:00
11905110063745,M11,L2,CS3U-P,夜班,1190511006,1HJ2004,FN,EL裂片,A14,2019-05-08 07:24:40
11905110063761,M11,L2,CS3U-P,夜班,1190511006,1HJ2003,FN,EL裂片,F4,2019-05-08 07:29:40
11905110063595,M11,L2,CS3U-P,夜班,1190511006,1HJ2003,FN,EL裂片,B21,2019-05-08 07:36:50
11905110063763,M11,L2,CS3U-P,夜班,1190511006,1HJ2003,FN,虚焊(焊带),A22,2019-05-08 07:36:59
11905110063763,M11,L2,CS3U-P,夜班,1190511006,1HJ2003,FN,虚焊(焊带),A24,2019-05-08 07:36:59
11905110063529,M11,L2,CS3U-P,夜班,1190511006,1HJ2002,FN,EL裂片,A3,2019-05-08 07:39:16
11905110063529,M11,L2,CS3U-P,夜班,1190511006,1HJ2002,FN,EL裂片,B9,2019-05-08 07:39:16
11905110063518,M11,L2,CS3U-P,夜班,1190511006,1HJ2002,FN,EL裂片,C11,2019-05-08 07:42:01
11905110063763,M11,L2,CS3U-P,夜班,1190511006,1HJ2003,FN,玻璃纸,A23,2019-05-08 07:44:38
11905110063815,M11,L2,CS3U-P,夜班,1190511006,1HJ2002,FN,玻璃纸,E13,2019-05-08 07:48:32
11905110063801,M11,L2,CS3U-P,夜班,1190511006,1HJ2003,FN,EL裂片,B18,2019-05-08 07:58:07
11905110063781,M11,L2,CS3U-P,夜班,1190511006,1HJ2003,FN,EL裂片,C17,2019-05-08 08:08:25
11905110063781,M11,L2,CS3U-P,夜班,1190511006,1HJ2003,FN,EL裂片,F24,2019-05-08 08:08:25
11905110063795,M11,L2,CS3U-P,夜班,1190511006,1HJ2003,FN,正偏,B1,2019-05-08 08:10:40
11905110063795,M11,L2,CS3U-P,夜班,1190511006,1HJ2003,FN,正偏,B3,2019-05-08 08:10:40
11905110063795,M11,L2,CS3U-P,夜班,1190511006,1HJ2003,FN,正偏,B2,2019-05-08 08:10:40
11905110063782,M11,L2,CS3U-P,夜班,1190511006,1HJ2003,FN,EL裂片,A10,2019-05-08 08:12:40
11905110063782,M11,L2,CS3U-P,夜班,1190511006,1HJ2003,FN,虚焊(焊带),B10,2019-05-08 08:12:40
11905110063782,M11,L2,CS3U-P,夜班,1190511006,1HJ2003,FN,虚焊(焊带),B11,2019-05-08 08:12:40
11905110063794,M11,L2,CS3U-P,夜班,1190511006,1HJ2003,FN,EL裂片,A1,2019-05-08 08:13:20
11905110063805,M11,L2,CS3U-P,白班,1190511006,1HJ2003,FN,EL裂片,A24,2019-05-08 08:54:15
11905110063821,M11,L2,CS3U-P,白班,1190511006,1HJ2002,FN,EL裂片,D13,2019-05-08 08:58:08
11905110063011,M11,L2,CS3U-P,白班,1190511006,1HJ2004,FN,EL裂片,D12,2019-05-08 09:02:46
11905110063937,M11,L2,CS3U-P,白班,1190511006,1HJ2003,FN,EL裂片,F12,2019-05-08 09:05:04
11905110063823,M11,L2,CS3U-P,白班,1190511006,1HJ2002,FN,虚焊(焊带),B20,2019-05-08 09:07:44
11905110063823,M11,L2,CS3U-P,白班,1190511006,1HJ2002,FN,虚焊(焊带),B21,2019-05-08 09:07:44
11905110063821,M11,L2,CS3U-P,白班,1190511006,1HJ2002,FN,EL裂片,F1,2019-05-08 09:11:00
11905110063822,M11,L2,CS3U-P,白班,1190511006,1HJ2002,FN,EL裂片,D19,2019-05-08 09:13:10
11905110063828,M11,L2,CS3U-P,白班,1190511006,1HJ2002,FN,EL裂片,F23,2019-05-08 09:15:17
11905110063828,M11,L2,CS3U-P,白班,1190511006,1HJ2002,FN,EL裂片,F24,2019-05-08 09:15:17
11905110063944,M11,L2,CS3U-P,白班,1190511006,1HJ2003,FN,EL裂片,D8,2019-05-08 09:18:38
11905110063944,M11,L2,CS3U-P,白班,1190511006,1HJ2003,FN,EL裂片,E24,2019-05-08 09:18:38
11905110063977,M11,L2,CS3U-P,白班,1190511006,1HJ2003,FN,划伤,A5,2019-05-08 09:20:10
11905110063822,M11,L2,CS3U-P,白班,1190511006,1HJ2002,FN,EL裂片,D19,2019-05-08 09:23:25
11905110063876,M11,L2,CS3U-P,白班,1190511006,1HJ2004,FN,正偏,C16,2019-05-08 09:30:44
11905110063876,M11,L2,CS3U-P,白班,1190511006,1HJ2004,FN,正偏,F5,2019-05-08 09:30:44
11905110063876,M11,L2,CS3U-P,白班,1190511006,1HJ2004,FN,正偏,F4,2019-05-08 09:30:44
11905110063876,M11,L2,CS3U-P,白班,1190511006,1HJ2004,FN,正偏,C21,2019-05-08 09:30:44
11905110063876,M11,L2,CS3U-P,白班,1190511006,1HJ2004,FN,正偏,C20,2019-05-08 09:30:44
11905110063876,M11,L2,CS3U-P,白班,1190511006,1HJ2004,FN,正偏,C19,2019-05-08 09:30:44
11905110063876,M11,L2,CS3U-P,白班,1190511006,1HJ2004,FN,正偏,C17,2019-05-08 09:30:44
11905110063832,M11,L2,CS3U-P,白班,1190511006,1HJ2002,FN,EL裂片,F13,2019-05-08 09:32:24
11905110063875,M11,L2,CS3U-P,白班,1190511006,1HJ2004,FN,EL裂片,D12,2019-05-08 09:34:49
11905110063966,M11,L2,CS3U-P,白班,1190511006,1HJ2003,FN,汇流条虚焊,F12,2019-05-08 09:34:55
11905110063966,M11,L2,CS3U-P,白班,1190511006,1HJ2003,FN,汇流条虚焊,F13,2019-05-08 09:34:55
11905110063009,M11,L2,CS3U-P,白班,1190511006,1HJ2004,FN,EL裂片,A13,2019-05-08 09:39:51
11905110063009,M11,L2,CS3U-P,白班,1190511006,1HJ2004,FN,EL裂片,F13,2019-05-08 09:39:51
11905110063834,M11,L2,CS3U-P,白班,1190511006,1HJ2002,FN,EL裂片,F13,2019-05-08 09:42:47
11905110063967,M11,L2,CS3U-P,白班,1190511006,1HJ2003,FN,划伤,B13,2019-05-08 09:43:04
11905110063968,M11,L2,CS3U-P,白班,1190511006,1HJ2003,FN,EL裂片,F13,2019-05-08 09:43:22
11905110063969,M11,L2,CS3U-P,白班,1190511006,1HJ2003,FN,EL裂片,D13,2019-05-08 09:43:59
11905110063009,M11,L2,CS3U-P,白班,1190511006,1HJ2004,FN,EL裂片,F13,2019-05-08 09:45:26
11905110062931,M11,L2,CS3U-P,白班,1190511006,1HJ2002,FN,EL裂片,C19,2019-05-08 09:48:28
11905110063831,M11,L2,CS3U-P,白班,1190511006,1HJ2002,FN,EL裂片,F13,2019-05-08 09:53:34
11905110063946,M11,L2,CS3U-P,白班,1190511006,1HJ2003,FN,EL裂片,F13,2019-05-08 09:55:12
11905110063945,M11,L2,CS3U-P,白班,1190511006,1HJ2003,FN,EL裂片,A24,2019-05-08 09:57:03
11905110063823,M11,L2,CS3U-P,白班,1190511006,1HJ2002,FN,EL裂片,B21,2019-05-08 09:59:01
11905110063967,M11,L2,CS3U-P,白班,1190511006,1HJ2003,FN,EL裂片,B13,2019-05-08 10:01:10
11905110063946,M11,L2,CS3U-P,白班,1190511006,1HJ2003,FN,EL裂片,F14,2019-05-08 10:03:10
11905110063955,M11,L2,CS3U-P,白班,1190511006,1HJ2003,FN,虚焊(焊带),D17,2019-05-08 10:03:17
11905110063857,M11,L2,CS3U-P,白班,1190511006,1HJ2002,FN,EL裂片,A1,2019-05-08 10:06:44
11905110063009,M11,L2,CS3U-P,白班,1190511006,1HJ2004,FN,划伤,C2,2019-05-08 10:07:21
11905110063899,M11,L2,CS3U-P,白班,1190511006,1HJ2004,FN,汇流条虚焊,A24,2019-05-08 10:07:55
11905110063825,M11,L2,CS3U-P,白班,1190511006,1HJ2002,FN,EL裂片,C5,2019-05-08 10:11:32
11905110063968,M11,L2,CS3U-P,白班,1190511006,1HJ2003,FN,汇流条虚焊,F13,2019-05-08 10:11:57
11905110063951,M11,L2,CS3U-P,白班,1190511006,1HJ2003,FN,EL裂片,A1,2019-05-08 10:13:27
11905110063842,M11,L2,CS3U-P,白班,1190511006,1HJ2002,FN,EL裂片,B11,2019-05-08 10:17:32
11905110063918,M11,L2,CS3U-P,白班,1190511006,1HJ2004,FN,虚焊(焊带),C11,2019-05-08 10:18:11
11905110063933,M11,L2,CS3U-P,白班,1190511006,1HJ2004,FN,EL裂片,F13,2019-05-08 10:19:52
11905110063891,M11,L2,CS3U-P,白班,1190511006,1HJ2004,FN,EL裂片,F13,2019-05-08 10:21:27
11905110063970,M11,L2,CS3U-P,白班,1190511006,1HJ2003,FN,虚焊(焊带),E16,2019-05-08 10:22:49
11905110063958,M11,L2,CS3U-P,白班,1190511006,1HJ2003,FN,EL裂片,C1,2019-05-08 10:24:13
11905110063842,M11,L2,CS3U-P,白班,1190511006,1HJ2002,FN,脏污,E24,2019-05-08 10:27:31
11905110063842,M11,L2,CS3U-P,白班,1190511006,1HJ2002,FN,虚焊(焊带),F13,2019-05-08 10:27:31
11905110063842,M11,L2,CS3U-P,白班,1190511006,1HJ2002,FN,虚焊(焊带),F15,2019-05-08 10:27:31
11905110063844,M11,L2,CS3U-P,白班,1190511006,1HJ2002,FN,EL裂片,F2,2019-05-08 10:29:32
11905110063959,M11,L2,CS3U-P,白班,1190511006,1HJ2003,FN,汇流条虚焊,E12,2019-05-08 10:30:51
11905110063959,M11,L2,CS3U-P,白班,1190511006,1HJ2003,FN,汇流条虚焊,E13,2019-05-08 10:30:51
11905110063919,M11,L2,CS3U-P,白班,1190511006,1HJ2004,FN,虚焊(焊带),B13,2019-05-08 10:37:08
11905110063919,M11,L2,CS3U-P,白班,1190511006,1HJ2004,FN,虚焊(焊带),B24,2019-05-08 10:37:08
11905110063919,M11,L2,CS3U-P,白班,1190511006,1HJ2004,FN,虚焊(焊带),B23,2019-05-08 10:37:08
11905110063919,M11,L2,CS3U-P,白班,1190511006,1HJ2004,FN,虚焊(焊带),B22,2019-05-08 10:37:08
11905110063919,M11,L2,CS3U-P,白班,1190511006,1HJ2004,FN,虚焊(焊带),B21,2019-05-08 10:37:08
11905110063919,M11,L2,CS3U-P,白班,1190511006,1HJ2004,FN,虚焊(焊带),B20,2019-05-08 10:37:08
11905110063919,M11,L2,CS3U-P,白班,1190511006,1HJ2004,FN,虚焊(焊带),B19,2019-05-08 10:37:08
11905110063919,M11,L2,CS3U-P,白班,1190511006,1HJ2004,FN,虚焊(焊带),B18,2019-05-08 10:37:08
11905110063919,M11,L2,CS3U-P,白班,1190511006,1HJ2004,FN,虚焊(焊带),B17,2019-05-08 10:37:08
11905110063919,M11,L2,CS3U-P,白班,1190511006,1HJ2004,FN,虚焊(焊带),B16,2019-05-08 10:37:08
11905110063919,M11,L2,CS3U-P,白班,1190511006,1HJ2004,FN,虚焊(焊带),B15,2019-05-08 10:37:08
11905110063919,M11,L2,CS3U-P,白班,1190511006,1HJ2004,FN,虚焊(焊带),B14,2019-05-08 10:37:08
11905110063930,M11,L2,CS3U-P,白班,1190511006,1HJ2004,FN,EL裂片,B13,2019-05-08 10:42:46
11905110063962,M11,L2,CS3U-P,白班,1190511006,1HJ2003,FN,其他,C12,2019-05-08 10:43:29
11905110063964,M11,L2,CS3U-P,白班,1190511006,1HJ2003,FN,汇流条虚焊,F13,2019-05-08 11:25:37
11905110063907,M11,L2,CS3U-P,白班,1190511006,1HJ2004,FN,虚焊(焊带),B2,2019-05-08 11:26:12
11905110063963,M11,L2,CS3U-P,白班,1190511006,1HJ2003,FN,EL裂片,F17,2019-05-08 11:28:01
11905110063910,M11,L2,CS3U-P,白班,1190511006,1HJ2004,FN,EL裂片,F13,2019-05-08 11:29:32
11905110063965,M11,L2,CS3U-P,白班,1190511006,1HJ2003,FN,EL裂片,D14,2019-05-08 11:31:35
11905110063929,M11,L2,CS3U-P,白班,1190511006,1HJ2004,FN,EL裂片,D13,2019-05-08 11:34:51
11905110063929,M11,L2,CS3U-P,白班,1190511006,1HJ2004,FN,划伤,F13,2019-05-08 11:34:51
11905110063929,M11,L2,CS3U-P,白班,1190511006,1HJ2004,FN,脏污,F13,2019-05-08 11:43:09
11905110063929,M11,L2,CS3U-P,白班,1190511006,1HJ2004,FN,脏污,F14,2019-05-08 11:43:09
11905110064129,M11,L2,CS3U-P,白班,1190511006,1HJ2004,FN,EL裂片,F3,2019-05-08 11:44:53
11905110064127,M11,L2,CS3U-P,白班,1190511006,1HJ2004,FN,EL裂片,F13,2019-05-08 11:46:36
11905110063995,M11,L2,CS3U-P,白班,1190511006,1HJ2003,FN,EL裂片,A23,2019-05-08 11:48:38
11905110064055,M11,L2,CS3U-P,白班,1190511006,1HJ2002,FN,EL裂片,F13,2019-05-08 11:48:58
11905110064057,M11,L2,CS3U-P,白班,1190511006,1HJ2002,FN,EL裂片,D17,2019-05-08 11:50:13
11905110064054,M11,L2,CS3U-P,白班,1190511006,1HJ2002,FN,汇流条虚焊,F13,2019-05-08 11:52:32
11905110063996,M11,L2,CS3U-P,白班,1190511006,1HJ2003,FN,EL裂片,F13,2019-05-08 11:54:56
11905110064054,M11,L2,CS3U-P,白班,1190511006,1HJ2002,FN,EL裂片,F16,2019-05-08 11:56:58
11905110063991,M11,L2,CS3U-P,白班,1190511006,1HJ2003,FN,EL裂片,F2,2019-05-08 11:58:55
11905110064059,M11,L2,CS3U-P,白班,1190511006,1HJ2002,FN,EL裂片,A10,2019-05-08 12:00:47
11905110064122,M11,L2,CS3U-P,白班,1190511006,1HJ2004,FN,EL裂片,F13,2019-05-08 12:02:46
11905110064000,M11,L2,CS3U-P,白班,1190511006,1HJ2003,FN,EL裂片,B12,2019-05-08 12:15:37
11905110064050,M11,L2,CS3U-P,白班,1190511006,1HJ2002,FN,EL裂片,D5,2019-05-08 12:16:22
11905110064130,M11,L2,CS3U-P,白班,1190511006,1HJ2004,FN,虚焊(焊带),A16,2019-05-08 12:17:54
11905110064130,M11,L2,CS3U-P,白班,1190511006,1HJ2004,FN,虚焊(焊带),A24,2019-05-08 12:17:54
11905110064130,M11,L2,CS3U-P,白班,1190511006,1HJ2004,FN,虚焊(焊带),A22,2019-05-08 12:17:54
11905110064130,M11,L2,CS3U-P,白班,1190511006,1HJ2004,FN,虚焊(焊带),A20,2019-05-08 12:17:54
11905110064130,M11,L2,CS3U-P,白班,1190511006,1HJ2004,FN,虚焊(焊带),A18,2019-05-08 12:17:54
11905110064088,M11,L2,CS3U-P,白班,1190511006,1HJ2004,FN,EL裂片,B13,2019-05-08 12:18:22
11905110064061,M11,L2,CS3U-P,白班,1190511006,1HJ2002,FN,EL裂片,F12,2019-05-08 12:24:00
11905110064097,M11,L2,CS3U-P,白班,1190511006,1HJ2004,FN,EL裂片,B13,2019-05-08 12:27:05
11905110064091,M11,L2,CS3U-P,白班,1190511006,1HJ2004,FN,EL裂片,D13,2019-05-08 12:44:43
11905110064097,M11,L2,CS3U-P,白班,1190511006,1HJ2004,FN,EL裂片,B13,2019-05-08 12:47:47
11905110064007,M11,L2,CS3U-P,白班,1190511006,1HJ2003,FN,EL裂片,B12,2019-05-08 12:50:09
11905110064103,M11,L2,CS3U-P,白班,1190511006,1HJ2004,FN,汇流条虚焊,A1,2019-05-08 12:50:29
11905110064131,M11,L2,CS3U-P,白班,1190511006,1HJ2004,FN,EL裂片,D13,2019-05-08 12:53:51
11905110064134,M11,L2,CS3U-P,白班,1190511006,1HJ2004,FN,汇流条虚焊,B12,2019-05-08 12:58:48
11905110064065,M11,L2,CS3U-P,白班,1190511006,1HJ2002,FN,其他,A24,2019-05-08 12:59:33
11905110064065,M11,L2,CS3U-P,白班,1190511006,1HJ2002,FN,其他,B24,2019-05-08 12:59:33
11905110064139,M11,L2,CS3U-P,白班,1190511006,1HJ2004,FN,EL裂片,B13,2019-05-08 13:00:49
11905110064136,M11,L2,CS3U-P,白班,1190511006,1HJ2004,FN,EL裂片,B13,2019-05-08 13:04:09
11905110063981,M11,L2,CS3U-P,白班,1190511006,1HJ2003,FN,EL裂片,D13,2019-05-08 13:06:31
11905110064013,M11,L2,CS3U-P,白班,1190511006,1HJ2003,FN,EL裂片,C1,2019-05-08 13:08:40
11905110064140,M11,L2,CS3U-P,白班,1190511006,1HJ2004,FN,EL裂片,D13,2019-05-08 13:10:58
11905110064139,M11,L2,CS3U-P,白班,1190511006,1HJ2004,FN,EL裂片,E1,2019-05-08 13:12:34
11905110063981,M11,L2,CS3U-P,白班,1190511006,1HJ2003,FN,EL裂片,D13,2019-05-08 13:15:23
11905110064141,M11,L2,CS3U-P,白班,1190511006,1HJ2004,FN,EL裂片,D8,2019-05-08 13:17:42
11905110064068,M11,L2,CS3U-P,白班,1190511006,1HJ2002,FN,汇流条虚焊,F12,2019-05-08 13:18:25
11905110064068,M11,L2,CS3U-P,白班,1190511006,1HJ2002,FN,汇流条虚焊,F13,2019-05-08 13:18:25
11905110064030,M11,L2,CS3U-P,白班,1190511006,1HJ2003,FN,虚焊(焊带),F9,2019-05-08 13:20:26
11905110064030,M11,L2,CS3U-P,白班,1190511006,1HJ2003,FN,虚焊(焊带),F23,2019-05-08 13:20:26
11905110063981,M11,L2,CS3U-P,白班,1190511006,1HJ2003,FN,划伤,C1,2019-05-08 13:22:15
11905110063859,M11,L2,CS3U-P,白班,1190511006,1HJ2002,FN,EL裂片,D19,2019-05-08 13:24:20
11905110064030,M11,L2,CS3U-P,白班,1190511006,1HJ2003,FN,虚焊(焊带),F9,2019-05-08 13:25:45
11905110064028,M11,L2,CS3U-P,白班,1190511006,1HJ2003,FN,EL裂片,B8,2019-05-08 13:26:12
11905110064028,M11,L2,CS3U-P,白班,1190511006,1HJ2003,FN,EL裂片,D13,2019-05-08 13:26:12
11905110064004,M11,L2,CS3U-P,白班,1190511006,1HJ2003,FN,EL裂片,F12,2019-05-08 13:33:25
11905110064137,M11,L2,CS3U-P,白班,1190511006,1HJ2004,FN,EL裂片,A1,2019-05-08 13:35:50
11905110063859,M11,L2,CS3U-P,白班,1190511006,1HJ2002,FN,虚焊(焊带),F23,2019-05-08 13:38:38
11905110064033,M11,L2,CS3U-P,白班,1190511006,1HJ2003,FN,EL裂片,C1,2019-05-08 13:40:42
11905110064028,M11,L2,CS3U-P,白班,1190511006,1HJ2003,FN,EL裂片,C8,2019-05-08 13:42:44
11905110064073,M11,L2,CS3U-P,白班,1190511006,1HJ2002,FN,EL裂片,F13,2019-05-08 13:46:14
11905110064074,M11,L2,CS3U-P,白班,1190511006,1HJ2002,FN,EL裂片,F13,2019-05-08 13:50:14
11905110064079,M11,L2,CS3U-P,白班,1190511006,1HJ2002,FN,EL裂片,E12,2019-05-08 13:57:53
11905110064109,M11,L2,CS3U-P,白班,1190511006,1HJ2004,FN,其他,F12,2019-05-08 13:58:33
11905110064110,M11,L2,CS3U-P,白班,1190511006,1HJ2004,FN,EL裂片,F13,2019-05-08 14:00:39
11905110064111,M11,L2,CS3U-P,白班,1190511006,1HJ2004,FN,EL裂片,D13,2019-05-08 14:04:04
11905110064109,M11,L2,CS3U-P,白班,1190511006,1HJ2004,FN,EL裂片,F13,2019-05-08 14:06:15
11905110064203,M11,L2,CS3U-P,白班,1190511006,1HJ2004,FN,EL裂片,B21,2019-05-08 14:10:48
11905110064022,M11,L2,CS3U-P,白班,1190511006,1HJ2003,FN,虚焊(焊带),A11,2019-05-08 14:12:39
11905110064022,M11,L2,CS3U-P,白班,1190511006,1HJ2003,FN,虚焊(焊带),B6,2019-05-08 14:12:39
11905110064272,M11,L2,CS3U-P,白班,1190511006,1HJ2002,FN,EL裂片,D13,2019-05-08 14:15:30
11905110064115,M11,L2,CS3U-P,白班,1190511006,1HJ2004,FN,EL裂片,B20,2019-05-08 14:17:49
11905110064157,M11,L2,CS3U-P,白班,1190511006,1HJ2004,FN,EL裂片,D14,2019-05-08 14:20:33
11905110064157,M11,L2,CS3U-P,白班,1190511006,1HJ2004,FN,汇流条虚焊,F13,2019-05-08 14:20:33
11905110064147,M11,L2,CS3U-P,白班,1190511006,1HJ2004,FN,EL裂片,A8,2019-05-08 14:46:40
11905110064158,M11,L2,CS3U-P,白班,1190511006,1HJ2004,FN,EL裂片,A22,2019-05-08 14:48:55
11905110064151,M11,L2,CS3U-P,白班,1190511006,1HJ2004,FN,EL裂片,F12,2019-05-08 14:53:29
11905110064200,M11,L2,CS3U-P,白班,1190511006,1HJ2004,FN,EL裂片,E23,2019-05-08 15:01:36
11905110064200,M11,L2,CS3U-P,白班,1190511006,1HJ2004,FN,EL裂片,F13,2019-05-08 15:01:36
11905110064026,M11,L2,CS3U-P,白班,1190511006,1HJ2003,FN,虚焊(焊带),D10,2019-05-08 15:05:59
11905110064026,M11,L2,CS3U-P,白班,1190511006,1HJ2003,FN,虚焊(焊带),D15,2019-05-08 15:05:59
11905110064034,M11,L2,CS3U-P,白班,1190511006,1HJ2003,FN,EL裂片,A1,2019-05-08 15:07:50
11905110064282,M11,L2,CS3U-P,白班,1190511006,1HJ2002,FN,EL裂片,F23,2019-05-08 15:09:53
11905110064212,M11,L2,CS3U-P,白班,1190511006,1HJ2003,FN,EL裂片,F13,2019-05-08 15:13:41
11905110064281,M11,L2,CS3U-P,白班,1190511006,1HJ2002,FN,划伤,B2,2019-05-08 15:15:16
11905110064214,M11,L2,CS3U-P,白班,1190511006,1HJ2003,FN,EL裂片,F19,2019-05-08 15:18:29
11905110064214,M11,L2,CS3U-P,白班,1190511006,1HJ2003,FN,EL裂片,F20,2019-05-08 15:18:29
11905110064173,M11,L2,CS3U-P,白班,1190511006,1HJ2004,FN,EL裂片,B13,2019-05-08 15:20:58
11905110064218,M11,L2,CS3U-P,白班,1190511006,1HJ2003,FN,EL裂片,D12,2019-05-08 15:23:07
11905110064159,M11,L2,CS3U-P,白班,1190511006,1HJ2004,FN,汇流条虚焊,D13,2019-05-08 15:23:41
11905110064159,M11,L2,CS3U-P,白班,1190511006,1HJ2004,FN,汇流条虚焊,F12,2019-05-08 15:23:41
11905110063866,M11,L2,CS3U-P,白班,1190511006,1HJ2002,FN,虚焊(焊带),B21,2019-05-08 15:24:39
11905110064215,M11,L2,CS3U-P,白班,1190511006,1HJ2003,FN,汇流条虚焊,F12,2019-05-08 15:24:44
11905110064215,M11,L2,CS3U-P,白班,1190511006,1HJ2003,FN,汇流条虚焊,F13,2019-05-08 15:24:44
11905110064176,M11,L2,CS3U-P,白班,1190511006,1HJ2004,FN,EL裂片,A1,2019-05-08 15:27:54
11905110064218,M11,L2,CS3U-P,白班,1190511006,1HJ2003,FN,脏污,D12,2019-05-08 15:28:34
11905110064221,M11,L2,CS3U-P,白班,1190511006,1HJ2003,FN,EL裂片,B12,2019-05-08 15:32:37
11905110064221,M11,L2,CS3U-P,白班,1190511006,1HJ2003,FN,EL裂片,F8,2019-05-08 15:32:37
11905110063866,M11,L2,CS3U-P,白班,1190511006,1HJ2002,FN,脏污,B22,2019-05-08 15:33:08
11905110063866,M11,L2,CS3U-P,白班,1190511006,1HJ2002,FN,脏污,B23,2019-05-08 15:33:08
11905110064179,M11,L2,CS3U-P,白班,1190511006,1HJ2004,FN,EL裂片,F13,2019-05-08 15:36:46
11905110064292,M11,L2,CS3U-P,白班,1190511006,1HJ2002,FN,划伤,F8,2019-05-08 15:38:40
11905110064293,M11,L2,CS3U-P,白班,1190511006,1HJ2002,FN,EL裂片,F13,2019-05-08 15:40:18
11905110064393,M11,L2,CS3U-P,白班,1190511006,1HJ2004,FN,EL裂片,D13,2019-05-08 15:42:20
11905110064282,M11,L2,CS3U-P,白班,1190511006,1HJ2002,FN,EL裂片,A5,2019-05-08 15:44:00
11905110064048,M11,L2,CS3U-P,白班,1190511006,1HJ2002,FN,划伤,F2,2019-05-08 15:47:18
11905110064296,M11,L2,CS3U-P,白班,1190511006,1HJ2002,FN,汇流条虚焊,F12,2019-05-08 15:48:22
11905110064293,M11,L2,CS3U-P,白班,1190511006,1HJ2002,FN,脏污,C2,2019-05-08 15:49:56
11905110064213,M11,L2,CS3U-P,白班,1190511006,1HJ2003,FN,EL裂片,F2,2019-05-08 15:53:41
11905110064213,M11,L2,CS3U-P,白班,1190511006,1HJ2003,FN,EL裂片,F12,2019-05-08 15:53:41
11905110064183,M11,L2,CS3U-P,白班,1190511006,1HJ2004,FN,EL裂片,A1,2019-05-08 15:55:15
11905110064272,M11,L2,CS3U-P,白班,1190511006,1HJ2002,FN,汇流条虚焊,F13,2019-05-08 15:55:21
11905110064046,M11,L2,CS3U-P,白班,1190511006,1HJ2002,FN,划伤,F2,2019-05-08 15:57:43
11905110064117,M11,L2,CS3U-P,白班,1190511006,1HJ2004,FN,EL裂片,C9,2019-05-08 15:59:35
11905110064185,M11,L2,CS3U-P,白班,1190511006,1HJ2004,FN,EL裂片,D13,2019-05-08 16:03:08
11905110064185,M11,L2,CS3U-P,白班,1190511006,1HJ2004,FN,汇流条虚焊,A1,2019-05-08 16:03:08
11905110064230,M11,L2,CS3U-P,白班,1190511006,1HJ2003,FN,虚焊(焊带),D8,2019-05-08 16:04:45
11905110064043,M11,L2,CS3U-P,白班,1190511006,1HJ2002,FN,EL裂片,D13,2019-05-08 16:07:53
11905110064301,M11,L2,CS3U-P,白班,1190511006,1HJ2002,FN,EL裂片,A19,2019-05-08 16:09:39
11905110064190,M11,L2,CS3U-P,白班,1190511006,1HJ2004,FN,EL裂片,A18,2019-05-08 16:11:21
11905110064234,M11,L2,CS3U-P,白班,1190511006,1HJ2003,FN,汇流条虚焊,F13,2019-05-08 16:11:46
11905110064188,M11,L2,CS3U-P,白班,1190511006,1HJ2004,FN,EL裂片,F12,2019-05-08 16:12:11
11905110064233,M11,L2,CS3U-P,白班,1190511006,1HJ2003,FN,汇流条虚焊,F13,2019-05-08 16:13:30
11905110064189,M11,L2,CS3U-P,白班,1190511006,1HJ2004,FN,汇流条虚焊,F12,2019-05-08 16:14:19
11905110064045,M11,L2,CS3U-P,白班,1190511006,1HJ2002,FN,EL裂片,C24,2019-05-08 16:14:47
11905110064170,M11,L2,CS3U-P,白班,1190511006,1HJ2004,FN,EL裂片,F8,2019-05-08 16:18:05
11905110064195,M11,L2,CS3U-P,白班,1190511006,1HJ2004,FN,EL裂片,D13,2019-05-08 16:20:06
11905110064308,M11,L2,CS3U-P,白班,1190511006,1HJ2002,FN,EL裂片,D13,2019-05-08 16:26:50
11905110063983,M11,L2,CS3U-P,白班,1190511006,1HJ2003,FN,其他,F12,2019-05-08 16:27:12
11905110064390,M11,L2,CS3U-P,白班,1190511006,1HJ2004,FN,EL裂片,F13,2019-05-08 16:29:00
11905110064309,M11,L2,CS3U-P,白班,1190511006,1HJ2002,FN,EL裂片,C24,2019-05-08 16:31:10
11905110064309,M11,L2,CS3U-P,白班,1190511006,1HJ2002,FN,脏污,C1,2019-05-08 16:31:10
11905110064387,M11,L2,CS3U-P,白班,1190511006,1HJ2004,FN,其他,F12,2019-05-08 16:32:42
11905110064236,M11,L2,CS3U-P,白班,1190511006,1HJ2003,FN,汇流条虚焊,F12,2019-05-08 16:35:11
11905110064236,M11,L2,CS3U-P,白班,1190511006,1HJ2003,FN,汇流条虚焊,F13,2019-05-08 16:35:11
11905110064342,M11,L2,CS3U-P,白班,1190511006,1HJ2004,FN,EL裂片,F12,2019-05-08 16:37:17
11905110064240,M11,L2,CS3U-P,白班,1190511006,1HJ2003,FN,EL裂片,F13,2019-05-08 17:24:00
11905110064385,M11,L2,CS3U-P,白班,1190511006,1HJ2004,FN,EL裂片,D13,2019-05-08 17:26:36
11905110064384,M11,L2,CS3U-P,白班,1190511006,1HJ2004,FN,虚焊(焊带),F15,2019-05-08 17:28:38
11905110064384,M11,L2,CS3U-P,白班,1190511006,1HJ2004,FN,虚焊(焊带),F24,2019-05-08 17:28:38
11905110064384,M11,L2,CS3U-P,白班,1190511006,1HJ2004,FN,虚焊(焊带),F23,2019-05-08 17:28:38
11905110064384,M11,L2,CS3U-P,白班,1190511006,1HJ2004,FN,虚焊(焊带),F21,2019-05-08 17:28:38
11905110064384,M11,L2,CS3U-P,白班,1190511006,1HJ2004,FN,虚焊(焊带),F19,2019-05-08 17:28:38
11905110064384,M11,L2,CS3U-P,白班,1190511006,1HJ2004,FN,虚焊(焊带),F17,2019-05-08 17:28:38
11905110064381,M11,L2,CS3U-P,白班,1190511006,1HJ2004,FN,EL裂片,C6,2019-05-08 17:36:15
11905110064251,M11,L2,CS3U-P,白班,1190511006,1HJ2003,FN,EL裂片,A24,2019-05-08 18:13:50
11905110064250,M11,L2,CS3U-P,白班,1190511006,1HJ2003,FN,划伤,E3,2019-05-08 18:15:31
11905110064398,M11,L2,CS3U-P,白班,1190511006,1HJ2002,FN,汇流条虚焊,F12,2019-05-08 18:16:04
11905110064398,M11,L2,CS3U-P,白班,1190511006,1HJ2002,FN,汇流条虚焊,F13,2019-05-08 18:16:04
11905110064262,M11,L2,CS3U-P,白班,1190511006,1HJ2003,FN,EL裂片,D22,2019-05-08 18:19:22
11905110064083,M11,L2,CS3U-P,白班,1190511006,1HJ2004,FN,EL裂片,A24,2019-05-08 18:23:11
11905110064083,M11,L2,CS3U-P,白班,1190511006,1HJ2004,FN,过焊,A21,2019-05-08 18:23:11
11905110064083,M11,L2,CS3U-P,白班,1190511006,1HJ2004,FN,过焊,A22,2019-05-08 18:23:11
11905110064364,M11,L2,CS3U-P,白班,1190511006,1HJ2004,FN,划伤,A6,2019-05-08 18:25:01
11905110064404,M11,L2,CS3U-P,白班,1190511006,1HJ2002,FN,汇流条虚焊,F12,2019-05-08 18:25:31
11905110064265,M11,L2,CS3U-P,白班,1190511006,1HJ2003,FN,EL裂片,C2,2019-05-08 18:27:04
11905110064321,M11,L2,CS3U-P,白班,1190511006,1HJ2002,FN,汇流条虚焊,F12,2019-05-08 18:27:29
11905110064083,M11,L2,CS3U-P,白班,1190511006,1HJ2004,FN,EL裂片,E1,2019-05-08 18:29:04
11905110064410,M11,L2,CS3U-P,白班,1190511006,1HJ2002,FN,汇流条虚焊,F12,2019-05-08 18:29:09
11905110063998,M11,L2,CS3U-P,白班,1190511006,1HJ2003,FN,脏污,D17,2019-05-08 18:31:26
11905110063998,M11,L2,CS3U-P,白班,1190511006,1HJ2003,FN,虚焊(焊带),F20,2019-05-08 18:31:26
11905110064402,M11,L2,CS3U-P,白班,1190511006,1HJ2002,FN,脏污,A17,2019-05-08 18:32:14
11905110064135,M11,L2,CS3U-P,白班,1190511006,1HJ2004,FN,划伤,E1,2019-05-08 18:33:45
11905110064370,M11,L2,CS3U-P,白班,1190511006,1HJ2004,FN,EL裂片,C5,2019-05-08 18:35:18
11905110063998,M11,L2,CS3U-P,白班,1190511006,1HJ2003,FN,虚焊(焊带),A2,2019-05-08 18:44:29
11905110064268,M11,L2,CS3U-P,白班,1190511006,1HJ2003,FN,汇流条虚焊,F13,2019-05-08 18:44:55
11905110064359,M11,L2,CS3U-P,白班,1190511006,1HJ2004,FN,汇流条虚焊,F13,2019-05-08 18:45:31
11905110064356,M11,L2,CS3U-P,白班,1190511006,1HJ2004,FN,汇流条虚焊,F13,2019-05-08 18:49:45
11905110064416,M11,L2,CS3U-P,白班,1190511006,1HJ2002,FN,汇流条虚焊,D13,2019-05-08 18:52:13
11905110064439,M11,L2,CS3U-P,白班,1190511006,1HJ2002,FN,EL裂片,C13,2019-05-08 18:54:50
11905110064416,M11,L2,CS3U-P,白班,1190511006,1HJ2002,FN,脏污,D18,2019-05-08 18:55:34
11905110061757,M11,L2,CS3U-P,白班,1190511006,1HJ2002,FN,虚焊(焊带),C7,2019-05-08 19:08:11
11905110061757,M11,L2,CS3U-P,白班,1190511006,1HJ2002,FN,虚焊(焊带),F15,2019-05-08 19:08:11
11905110061757,M11,L2,CS3U-P,白班,1190511006,1HJ2002,FN,虚焊(焊带),C14,2019-05-08 19:08:11
11905110061757,M11,L2,CS3U-P,白班,1190511006,1HJ2002,FN,虚焊(焊带),C8,2019-05-08 19:08:11
11905110064419,M11,L2,CS3U-P,白班,1190511006,1HJ2002,FN,汇流条虚焊,F12,2019-05-08 19:08:46
11905110064419,M11,L2,CS3U-P,白班,1190511006,1HJ2002,FN,汇流条虚焊,F13,2019-05-08 19:08:46
11905110064443,M11,L2,CS3U-P,白班,1190511006,1HJ2002,FN,EL裂片,C2,2019-05-08 19:10:10
11905110064446,M11,L2,CS3U-P,白班,1190511006,1HJ2002,FN,过焊,E8,2019-05-08 19:12:05
11905110064437,M11,L2,CS3U-P,白班,1190511006,1HJ2002,FN,EL裂片,D14,2019-05-08 19:13:51
11905110064348,M11,L2,CS3U-P,白班,1190511006,1HJ2004,FN,EL裂片,A1,2019-05-08 19:17:41
11905110064348,M11,L2,CS3U-P,白班,1190511006,1HJ2004,FN,EL裂片,A12,2019-05-08 19:17:41
11905110064419,M11,L2,CS3U-P,白班,1190511006,1HJ2002,FN,EL裂片,F2,2019-05-08 19:19:10
11905110064437,M11,L2,CS3U-P,白班,1190511006,1HJ2002,FN,脏污,D14,2019-05-08 19:20:17
11905110064425,M11,L2,CS3U-P,白班,1190511006,1HJ2002,FN,EL裂片,D9,2019-05-08 19:22:39
11905110061757,M11,L2,CS3U-P,白班,1190511006,1HJ2002,FN,脏污,F13,2019-05-08 19:25:39
11905110061757,M11,L2,CS3U-P,白班,1190511006,1HJ2002,FN,脏污,F17,2019-05-08 19:25:39
11905110061757,M11,L2,CS3U-P,白班,1190511006,1HJ2002,FN,脏污,F15,2019-05-08 19:25:39
11905110064444,M11,L2,CS3U-P,白班,1190511006,1HJ2002,FN,EL裂片,F12,2019-05-08 19:27:34
11905110061618,M11,L2,CS3U-P,白班,1190511006,1HJ2004,FN,EL裂片,A3,2019-05-08 19:37:45
11905110061618,M11,L2,CS3U-P,白班,1190511006,1HJ2004,FN,EL裂片,A5,2019-05-08 19:37:45
11905110064428,M11,L2,CS3U-P,白班,1190511006,1HJ2002,FN,EL裂片,B12,2019-05-08 19:39:41
11905110064468,M11,L2,CS3U-P,白班,1190511006,1HJ2004,FN,汇流条虚焊,F13,2019-05-08 19:40:03
11905110064166,M11,L2,CS3U-P,白班,1190511006,1HJ2004,FN,EL裂片,B12,2019-05-08 19:46:54
11905110064427,M11,L2,CS3U-P,白班,1190511006,1HJ2002,FN,EL裂片,E1,2019-05-08 19:48:09
11905110064341,M11,L2,CS3U-P,白班,1190511006,1HJ2004,FN,其他,F12,2019-05-08 19:48:40
11905110064333,M11,L2,CS3U-P,白班,1190511006,1HJ2004,FN,EL裂片,F13,2019-05-08 19:50:37
11905110064430,M11,L2,CS3U-P,白班,1190511006,1HJ2002,FN,EL裂片,B20,2019-05-08 19:53:43
11905110064430,M11,L2,CS3U-P,白班,1190511006,1HJ2002,FN,汇流条虚焊,F12,2019-05-08 19:53:43
11905110064430,M11,L2,CS3U-P,白班,1190511006,1HJ2002,FN,汇流条虚焊,F13,2019-05-08 19:53:43
11905110064464,M11,L2,CS3U-P,白班,1190511006,1HJ2004,FN,EL裂片,F2,2019-05-08 19:54:06
11905110064450,M11,L2,CS3U-P,白班,1190511006,1HJ2002,FN,EL裂片,E2,2019-05-08 19:56:06
11905110064476,M11,L2,CS3U-P,夜班,1190511006,1HJ2004,FN,玻璃纸,A17,2019-05-08 20:39:08
11905110064447,M11,L2,CS3U-P,夜班,1190511006,1HJ2002,FN,EL裂片,B12,2019-05-08 20:40:17
11905110064601,M11,L2,CS3U-P,夜班,1190511006,1HJ2004,FN,虚焊(焊带),A12,2019-05-08 20:42:25
11905110064601,M11,L2,CS3U-P,夜班,1190511006,1HJ2004,FN,虚焊(焊带),B1,2019-05-08 20:42:25
11905110064601,M11,L2,CS3U-P,夜班,1190511006,1HJ2004,FN,虚焊(焊带),A13,2019-05-08 20:42:25
11905110064476,M11,L2,CS3U-P,夜班,1190511006,1HJ2004,FN,EL裂片,C2,2019-05-08 20:48:26
11905110064601,M11,L2,CS3U-P,夜班,1190511006,1HJ2004,FN,虚焊(焊带),A12,2019-05-08 20:51:49
11905110064476,M11,L2,CS3U-P,夜班,1190511006,1HJ2004,FN,EL裂片,C24,2019-05-08 20:55:17
11905110064601,M11,L2,CS3U-P,夜班,1190511006,1HJ2004,FN,虚焊(焊带),A12,2019-05-08 20:58:00
11905110064612,M11,L2,CS3U-P,夜班,1190511006,1HJ2004,FN,EL裂片,A21,2019-05-08 20:58:29
11905110064542,M11,L2,CS3U-P,夜班,1190511006,1HJ2003,FN,EL裂片,D13,2019-05-08 21:02:53
11905110064614,M11,L2,CS3U-P,夜班,1190511006,1HJ2004,FN,玻璃纸,F18,2019-05-08 21:03:04
11905110063799,M11,L2,CS3U-P,夜班,1190511006,1HJ2003,FN,虚焊(焊带),D17,2019-05-08 21:06:47
11905110063799,M11,L2,CS3U-P,夜班,1190511006,1HJ2003,FN,虚焊(焊带),D18,2019-05-08 21:06:47
11905110064490,M11,L2,CS3U-P,夜班,1190511006,1HJ2002,FN,EL裂片,C24,2019-05-08 21:10:24
11905110063768,M11,L2,CS3U-P,夜班,1190511006,1HJ2003,FN,正偏,D23,2019-05-08 21:23:42
11905110064491,M11,L2,CS3U-P,夜班,1190511006,1HJ2002,FN,EL裂片,E13,2019-05-08 21:23:57
11905110064491,M11,L2,CS3U-P,夜班,1190511006,1HJ2002,FN,玻璃纸,A17,2019-05-08 21:23:57
11905110064491,M11,L2,CS3U-P,夜班,1190511006,1HJ2002,FN,虚焊(焊带),E12,2019-05-08 21:23:57
11905110063769,M11,L2,CS3U-P,夜班,1190511006,1HJ2003,FN,虚焊(焊带),D15,2019-05-08 21:24:22
11905110064549,M11,L2,CS3U-P,夜班,1190511006,1HJ2003,FN,玻璃纸,A17,2019-05-08 21:26:36
11905110063771,M11,L2,CS3U-P,夜班,1190511006,1HJ2003,FN,EL裂片,C13,2019-05-08 21:30:04
11905110064541,M11,L2,CS3U-P,夜班,1190511006,1HJ2003,FN,EL裂片,F15,2019-05-08 21:31:56
11905110064552,M11,L2,CS3U-P,夜班,1190511006,1HJ2003,FN,虚焊(焊带),A24,2019-05-08 21:33:06
11905110064494,M11,L2,CS3U-P,夜班,1190511006,1HJ2002,FN,EL裂片,B12,2019-05-08 21:43:45
11905110063772,M11,L2,CS3U-P,夜班,1190511006,1HJ2003,FN,虚焊(焊带),A17,2019-05-08 21:48:47
11905110063740,M11,L2,CS3U-P,夜班,1190511006,1HJ2004,FN,虚焊(焊带),E7,2019-05-08 21:50:51
11905110063740,M11,L2,CS3U-P,夜班,1190511006,1HJ2004,FN,虚焊(焊带),E11,2019-05-08 21:50:51
11905110063740,M11,L2,CS3U-P,夜班,1190511006,1HJ2004,FN,虚焊(焊带),E8,2019-05-08 21:50:51
11905110063774,M11,L2,CS3U-P,夜班,1190511006,1HJ2003,FN,EL裂片,A14,2019-05-08 21:54:32
11905110063774,M11,L2,CS3U-P,夜班,1190511006,1HJ2003,FN,EL裂片,B13,2019-05-08 21:54:32
11905110063172,M11,L2,CS3U-P,夜班,1190511006,1HJ2002,FN,EL裂片,A2,2019-05-08 21:54:45
11905110064556,M11,L2,CS3U-P,夜班,1190511006,1HJ2003,FN,玻璃纸,A2,2019-05-08 21:55:42
11905110064556,M11,L2,CS3U-P,夜班,1190511006,1HJ2003,FN,玻璃纸,E13,2019-05-08 21:55:42
11905110064555,M11,L2,CS3U-P,夜班,1190511006,1HJ2003,FN,EL裂片,D24,2019-05-08 21:58:07
11905110063778,M11,L2,CS3U-P,夜班,1190511006,1HJ2003,FN,EL裂片,A8,2019-05-08 22:13:24
11905110064558,M11,L2,CS3U-P,夜班,1190511006,1HJ2003,FN,EL裂片,B12,2019-05-08 22:13:41
11905110064558,M11,L2,CS3U-P,夜班,1190511006,1HJ2003,FN,EL裂片,B13,2019-05-08 22:13:41
11905110064628,M11,L2,CS3U-P,夜班,1190511006,1HJ2004,FN,其他,B23,2019-05-08 22:17:44
11905110063778,M11,L2,CS3U-P,夜班,1190511006,1HJ2003,FN,EL裂片,F11,2019-05-08 22:18:00
11905110064558,M11,L2,CS3U-P,夜班,1190511006,1HJ2003,FN,EL裂片,B12,2019-05-08 22:22:41
11905110063778,M11,L2,CS3U-P,夜班,1190511006,1HJ2003,FN,EL裂片,F11,2019-05-08 22:23:42
11905110064631,M11,L2,CS3U-P,夜班,1190511006,1HJ2004,FN,EL裂片,F13,2019-05-08 22:29:59
11905110064636,M11,L2,CS3U-P,夜班,1190511006,1HJ2004,FN,EL裂片,E22,2019-05-08 22:39:38
11905110064649,M11,L2,CS3U-P,夜班,1190511006,1HJ2001,FN,正偏,F24,2019-05-08 23:24:00
11905110064655,M11,L2,CS3U-P,夜班,1190511006,1HJ2001,FN,正偏,C23,2019-05-08 23:27:41
11905110064641,M11,L2,CS3U-P,夜班,1190511006,1HJ2004,FN,EL裂片,A12,2019-05-08 23:27:50
11905110064656,M11,L2,CS3U-P,夜班,1190511006,1HJ2001,FN,EL裂片,D21,2019-05-08 23:35:19
11905110064569,M11,L2,CS3U-P,夜班,1190511006,1HJ2003,FN,EL裂片,B13,2019-05-08 23:38:08
11905110064690,M11,L2,CS3U-P,夜班,1190511006,1HJ2004,FN,其他,F5,2019-05-08 23:41:51
11905110064633,M11,L2,CS3U-P,夜班,1190511006,1HJ2004,FN,其他,B2,2019-05-08 23:41:57
11905110064519,M11,L2,CS3U-P,夜班,1190511006,1HJ2002,FN,其他,F13,2019-05-08 23:43:33
11905110064647,M11,L2,CS3U-P,夜班,1190511006,1HJ2001,FN,虚焊(焊带),C6,2019-05-08 23:43:44
11905110064647,M11,L2,CS3U-P,夜班,1190511006,1HJ2001,FN,虚焊(焊带),C7,2019-05-08 23:43:44
11905110064569,M11,L2,CS3U-P,夜班,1190511006,1HJ2003,FN,玻璃纸,F24,2019-05-08 23:44:14
11905110064513,M11,L2,CS3U-P,夜班,1190511006,1HJ2002,FN,玻璃纸,C24,2019-05-08 23:45:58
11905110064633,M11,L2,CS3U-P,夜班,1190511006,1HJ2004,FN,EL裂片,A1,2019-05-08 23:48:34
11905110064633,M11,L2,CS3U-P,夜班,1190511006,1HJ2004,FN,玻璃纸,A12,2019-05-08 23:48:34
11905110064521,M11,L2,CS3U-P,夜班,1190511006,1HJ2002,FN,其他,F1,2019-05-08 23:51:33
11905110064513,M11,L2,CS3U-P,夜班,1190511006,1HJ2002,FN,玻璃纸,C24,2019-05-08 23:51:45
11905110064692,M11,L2,CS3U-P,夜班,1190511006,1HJ2004,FN,EL裂片,F15,2019-05-08 23:52:10
